dur,spkts,dpkts,sbytes,dbytes,rate,sttl,dttl,sload,dload,sloss,dloss,sinpkt,dinpkt,sjit,djit,swin,stcpb,dtcpb,dwin,tcprtt,synack,ackdat,smean,dmean,trans_depth,response_body_len,ct_srv_src,ct_state_ttl,ct_dst_ltm,ct_src_dport_ltm,ct_dst_sport_ltm,ct_dst_src_ltm,sbytes_per_pkt,dbytes_per_pkt,byte_ratio_sd,pkt_ratio_sd,proto_3pc,proto_any,proto_aris,proto_arp,proto_bbn-rcc,proto_br-sat-mon,proto_cbt,proto_cftp,proto_chaos,proto_compaq-peer,proto_cphb,proto_crtp,proto_crudp,proto_ddp,proto_ddx,proto_eigrp,proto_encap,proto_fire,proto_ggp,proto_iatp,proto_ib,proto_idrp,proto_igp,proto_ipcomp,proto_ipnip,proto_ipv6,proto_ipv6-no,proto_ipv6-opts,proto_irtp,proto_iso-ip,proto_iso-tp4,proto_l2tp,proto_mhrp,proto_mobile,proto_mux,proto_narp,proto_nvp,proto_ospf,proto_pgm,proto_pim,proto_pri-enc,proto_pvp,proto_qnx,proto_rdp,proto_rsvp,proto_sat-expak,proto_sat-mon,proto_scps,proto_sctp,proto_sep,proto_smp,proto_sprite-rpc,proto_sun-nd,proto_swipe,proto_tcf,proto_tcp,proto_udp,proto_unas,proto_uti,proto_vines,proto_visa,proto_vmtp,proto_wb-mon,proto_wsn,proto_xnet,proto_xns-idp,service_-,service_dhcp,service_dns,service_ftp,service_ftp-data,service_http,service_pop3,service_smtp,service_snmp,service_ssh,state_con,state_fin,state_int,state_req
9e-06,1.0986122886681098,0.0,4.74493212836325,0.0,11.618294945387872,254.0,0.0,17.740778757247703,0.0,0.0,0.0,0.008959741371471902,0.0,0.0,0.0,0.0,0.0,0.0,0.0,0.0,0.0,0.0,57.0,0.0,0.0,0.0,3.4965075614664802,1.0986122886681098,2.833213344056216,2.833213344056216,2.833213344056216,3.4965075614664802,2.260985582703623,0.0,4.74493212836325,1.0986122886681098,0.0,0.0,0.0,0.0,0.0,0.0,0.0,0.0,0.0,0.0,0.0,0.0,0.0,0.0,0.0,0.0,0.0,0.0,0.0,0.0,0.0,0.0,0.0,0.0,0.0,0.0,0.0,0.0,0.0,0.0,0.0,0.0,0.0,0.0,0.0,0.0,0.0,0.0,0.0,0.0,0.0,0.0,0.0,0.0,0.0,0.0,0.0,0.0,0.0,0.0,0.0,0.0,0.0,0.0,0.0,0.0,1.0,0.0,0.0,0.0,0.0,0.0,0.0,0.0,0.0,0.0,0.0,0.0,1.0,0.0,0.0,0.0,0.0,0.0,0.0,0.0,0.0,0.0,1.0,0.0
8e-06,1.0986122886681098,0.0,4.74493212836325,0.0,11.73607701865242,254.0,0.0,17.858561843342684,0.0,0.0,0.0,0.007968169649176874,0.0,0.0,0.0,0.0,0.0,0.0,0.0,0.0,0.0,0.0,57.0,0.0,0.0,0.0,3.5263605246161616,1.0986122886681098,2.6390573296152584,2.6390573296152584,2.6390573296152584,3.5263605246161616,2.260985582703623,0.0,4.74493212836325,1.0986122886681098,0.0,0.0,0.0,0.0,0.0,0.0,0.0,0.0,0.0,0.0,0.0,0.0,0.0,0.0,0.0,0.0,0.0,0.0,0.0,0.0,0.0,0.0,0.0,0.0,0.0,0.0,0.0,0.0,0.0,0.0,0.0,0.0,0.0,0.0,0.0,0.0,0.0,0.0,0.0,0.0,0.0,0.0,0.0,0.0,0.0,0.0,0.0,0.0,0.0,0.0,0.0,0.0,0.0,0.0,0.0,0.0,1.0,0.0,0.0,0.0,0.0,0.0,0.0,0.0,0.0,0.0,0.0,0.0,1.0,0.0,0.0,0.0,0.0,0.0,0.0,0.0,0.0,0.0,1.0,0.0
2e-06,1.0986122886681098,0.0,4.74493212836325,0.0,13.122365380002323,254.0,0.0,19.24485619130468,0.0,0.0,0.0,0.001998002662673056,0.0,0.0,0.0,0.0,0.0,0.0,0.0,0.0,0.0,0.0,57.0,0.0,0.0,0.0,3.5263605246161616,1.0986122886681098,3.5263605246161616,3.5263605246161616,2.8903717578961645,3.5263605246161616,2.260985582703623,0.0,4.74493212836325,1.0986122886681098,0.0,0.0,0.0,0.0,0.0,0.0,0.0,0.0,0.0,0.0,0.0,0.0,0.0,0.0,0.0,0.0,0.0,0.0,0.0,0.0,0.0,0.0,0.0,0.0,0.0,0.0,0.0,0.0,0.0,0.0,0.0,0.0,0.0,0.0,0.0,0.0,0.0,0.0,0.0,0.0,0.0,0.0,0.0,0.0,0.0,0.0,0.0,0.0,0.0,0.0,0.0,0.0,0.0,0.0,0.0,0.0,1.0,0.0,0.0,0.0,0.0,0.0,0.0,0.0,0.0,0.0,0.0,0.0,1.0,0.0,0.0,0.0,0.0,0.0,0.0,0.0,0.0,0.0,1.0,0.0
0.405688,2.3978952727983707,2.1972245773362196,6.851184927493743,5.872117789475416,3.7589679751576406,254.0,252.0,9.726908499361768,8.71834832213886,1.0986122886681098,0.6931471805599453,3.7925660670780204,4.043797831192027,7.9873685111645445,4.802119073197153,255.0,3274711971.0,949282978.0,255.0,0.07075,0.013381,0.057369,94.0,44.0,0.6931471805599453,0.0,0.6931471805599453,0.6931471805599453,0.6931471805599453,0.6931471805599453,0.6931471805599453,0.6931471805599453,2.016302557156619,1.8366297541625287,0.9969539430750545,0.7499927561535845,0.0,0.0,0.0,0.0,0.0,0.0,0.0,0.0,0.0,0.0,0.0,0.0,0.0,0.0,0.0,0.0,0.0,0.0,0.0,0.0,0.0,0.0,0.0,0.0,0.0,0.0,0.0,0.0,0.0,0.0,0.0,0.0,0.0,0.0,0.0,0.0,0.0,0.0,0.0,0.0,0.0,0.0,0.0,0.0,0.0,0.0,0.0,0.0,0.0,0.0,0.0,0.0,0.0,0.0,0.0,1.0,0.0,0.0,0.0,0.0,0.0,0.0,0.0,0.0,0.0,0.0,0.0,0.0,0.0,0.0,0.0,1.0,0.0,0.0,0.0,0.0,0.0,1.0,0.0,0.0
0.453362,2.5649493574615367,3.367295829986474,6.7650389767805414,10.373397427387058,4.466183643912404,62.0,252.0,9.547660742401646,13.207529438261604,1.0986122886681098,2.5649493574615367,3.742769164893315,2.649416205008398,7.741409270086229,7.377713696580842,255.0,792834122.0,3478360401.0,255.0,0.187515,0.097666,0.089849,72.0,1143.0,0.6931471805599453,9.627799924932715,0.6931471805599453,0.6931471805599453,0.6931471805599453,0.6931471805599453,0.6931471805599453,0.6931471805599453,1.897653598534613,2.375244964209165,0.5948125017147803,0.5873083613549211,0.0,0.0,0.0,0.0,0.0,0.0,0.0,0.0,0.0,0.0,0.0,0.0,0.0,0.0,0.0,0.0,0.0,0.0,0.0,0.0,0.0,0.0,0.0,0.0,0.0,0.0,0.0,0.0,0.0,0.0,0.0,0.0,0.0,0.0,0.0,0.0,0.0,0.0,0.0,0.0,0.0,0.0,0.0,0.0,0.0,0.0,0.0,0.0,0.0,0.0,0.0,0.0,0.0,0.0,0.0,1.0,0.0,0.0,0.0,0.0,0.0,0.0,0.0,0.0,0.0,0.0,0.0,0.0,0.0,0.0,0.0,1.0,0.0,0.0,0.0,0.0,0.0,1.0,0.0,0.0
3.723189,3.2188758248682006,3.1354942159291497,7.130098510125578,7.421177528595393,2.5715745163958053,62.0,252.0,7.851987912054482,8.13978170498397,2.0794415416798357,2.302585092994046,5.093000103603261,5.16525114000271,9.253964174404334,9.461813143497913,255.0,1632477512.0,331551369.0,255.0,0.174576,0.066327,0.108249,52.0,76.0,0.0,0.0,0.6931471805599453,0.6931471805599453,1.0986122886681098,0.6931471805599453,0.6931471805599453,1.0986122886681098,1.6900470187098535,1.7945080179317883,0.846686640426976,0.7783533616054142,0.0,0.0,0.0,0.0,0.0,0.0,0.0,0.0,0.0,0.0,0.0,0.0,0.0,0.0,0.0,0.0,0.0,0.0,0.0,0.0,0.0,0.0,0.0,0.0,0.0,0.0,0.0,0.0,0.0,0.0,0.0,0.0,0.0,0.0,0.0,0.0,0.0,0.0,0.0,0.0,0.0,0.0,0.0,0.0,0.0,0.0,0.0,0.0,0.0,0.0,0.0,0.0,0.0,0.0,0.0,1.0,0.0,0.0,0.0,0.0,0.0,0.0,0.0,0.0,0.0,0.0,0.0,0.0,0.0,1.0,0.0,0.0,0.0,0.0,0.0,0.0,0.0,1.0,0.0,0.0
5e-06,1.0986122886681098,0.0,6.970730078143525,0.0,12.206077671017546,254.0,0.0,20.562157677726464,0.0,0.0,0.0,0.004987541511039074,0.0,0.0,0.0,0.0,0.0,0.0,0.0,0.0,0.0,0.0,532.0,0.0,0.0,0.0,1.9459101490553132,1.0986122886681098,1.6094379124341003,1.0986122886681098,0.6931471805599453,2.0794415416798357,3.3215902316894934,0.0,6.970730078143525,1.0986122886681098,0.0,0.0,0.0,0.0,0.0,0.0,0.0,0.0,0.0,0.0,0.0,0.0,0.0,0.0,0.0,0.0,0.0,0.0,0.0,0.0,0.0,0.0,0.0,0.0,0.0,0.0,0.0,0.0,0.0,0.0,0.0,0.0,0.0,0.0,0.0,0.0,0.0,0.0,0.0,0.0,0.0,0.0,0.0,0.0,0.0,0.0,0.0,0.0,0.0,0.0,0.0,0.0,0.0,0.0,0.0,0.0,1.0,0.0,0.0,0.0,0.0,0.0,0.0,0.0,0.0,0.0,1.0,0.0,0.0,0.0,0.0,0.0,0.0,0.0,0.0,0.0,0.0,0.0,1.0,0.0
9e-06,1.0986122886681098,0.0,5.303304908059076,0.0,11.618294945387872,254.0,0.0,18.30289770954598,0.0,0.0,0.0,0.008959741371471902,0.0,0.0,0.0,0.0,0.0,0.0,0.0,0.0,0.0,0.0,100.0,0.0,0.0,0.0,1.0986122886681098,1.0986122886681098,1.0986122886681098,0.6931471805599453,0.6931471805599453,1.0986122886681098,2.527053204012654,0.0,5.303304908059076,1.0986122886681098,0.0,0.0,0.0,0.0,0.0,0.0,0.0,0.0,0.0,0.0,0.0,0.0,0.0,0.0,0.0,0.0,0.0,0.0,0.0,0.0,0.0,0.0,0.0,0.0,0.0,0.0,0.0,0.0,0.0,0.0,0.0,0.0,1.0,0.0,0.0,0.0,0.0,0.0,0.0,0.0,0.0,0.0,0.0,0.0,0.0,0.0,0.0,0.0,0.0,0.0,0.0,0.0,0.0,0.0,0.0,0.0,0.0,0.0,0.0,0.0,0.0,0.0,0.0,0.0,0.0,0.0,1.0,0.0,0.0,0.0,0.0,0.0,0.0,0.0,0.0,0.0,0.0,0.0,1.0,0.0
7e-06,1.0986122886681098,0.0,4.74493212836325,0.0,11.869607395184557,254.0,0.0,17.992093216230366,0.0,0.0,0.0,0.006975613736425242,0.0,0.0,0.0,0.0,0.0,0.0,0.0,0.0,0.0,0.0,57.0,0.0,0.0,0.0,3.5553480614894135,1.0986122886681098,2.995732273553991,2.833213344056216,2.833213344056216,3.5553480614894135,2.260985582703623,0.0,4.74493212836325,1.0986122886681098,0.0,0.0,0.0,0.0,0.0,0.0,0.0,0.0,0.0,0.0,0.0,0.0,0.0,0.0,0.0,0.0,0.0,0.0,0.0,0.0,0.0,0.0,0.0,0.0,0.0,0.0,0.0,0.0,0.0,0.0,0.0,0.0,0.0,0.0,0.0,0.0,0.0,0.0,0.0,0.0,0.0,0.0,0.0,0.0,0.0,0.0,0.0,0.0,0.0,0.0,0.0,0.0,0.0,0.0,0.0,0.0,1.0,0.0,0.0,0.0,0.0,0.0,0.0,0.0,0.0,0.0,0.0,0.0,1.0,0.0,0.0,0.0,0.0,0.0,0.0,0.0,0.0,0.0,1.0,0.0
1.209362,2.70805020110221,2.9444389791664403,7.429520842786462,9.227099155791137,3.282164189886151,31.0,29.0,9.244447182351523,11.05929924097277,1.3862943611198906,1.791759469228055,4.543275962943985,4.277978979060265,9.088709736504331,8.9557904441357,255.0,1773579577.0,3944618163.0,255.0,0.000906,0.00075,0.000156,120.0,565.0,0.6931471805599453,8.275121630216509,1.0986122886681098,0.0,1.3862943611198906,1.0986122886681098,0.6931471805599453,0.6931471805599453,2.003619271545475,2.339267815911569,0.7264543669335077,0.6865488895646421,0.0,0.0,0.0,0.0,0.0,0.0,0.0,0.0,0.0,0.0,0.0,0.0,0.0,0.0,0.0,0.0,0.0,0.0,0.0,0.0,0.0,0.0,0.0,0.0,0.0,0.0,0.0,0.0,0.0,0.0,0.0,0.0,0.0,0.0,0.0,0.0,0.0,0.0,0.0,0.0,0.0,0.0,0.0,0.0,0.0,0.0,0.0,0.0,0.0,0.0,0.0,0.0,0.0,0.0,0.0,1.0,0.0,0.0,0.0,0.0,0.0,0.0,0.0,0.0,0.0,0.0,0.0,0.0,0.0,0.0,0.0,1.0,0.0,0.0,0.0,0.0,0.0,1.0,0.0,0.0
9e-06,1.0986122886681098,0.0,6.401917196727186,0.0,11.618294945387872,254.0,0.0,19.40483777750527,0.0,0.0,0.0,0.008959741371471902,0.0,0.0,0.0,0.0,0.0,0.0,0.0,0.0,0.0,0.0,301.0,0.0,0.0,0.0,3.295836866004329,1.0986122886681098,2.5649493574615367,2.5649493574615367,1.0986122886681098,3.295836866004329,3.0505478459721496,0.0,6.401917196727186,1.0986122886681098,0.0,0.0,0.0,0.0,0.0,0.0,0.0,0.0,0.0,0.0,0.0,0.0,0.0,0.0,0.0,0.0,0.0,0.0,0.0,0.0,0.0,0.0,0.0,0.0,0.0,0.0,0.0,0.0,0.0,0.0,0.0,0.0,0.0,0.0,0.0,0.0,0.0,0.0,0.0,0.0,0.0,0.0,0.0,0.0,0.0,0.0,0.0,0.0,0.0,0.0,0.0,0.0,0.0,0.0,0.0,0.0,1.0,0.0,0.0,0.0,0.0,0.0,0.0,0.0,0.0,0.0,1.0,0.0,0.0,0.0,0.0,0.0,0.0,0.0,0.0,0.0,0.0,0.0,1.0,0.0
0.004975,3.1354942159291497,2.70805020110221,7.293697720601438,7.455298485683291,8.858820116488399,31.0,29.0,14.629852503164486,14.763650864314839,1.791759469228055,1.6094379124341003,0.2126122917546311,0.2505789356502775,2.7349214468769882,0.31780188234764317,255.0,2767789403.0,618512628.0,255.0,0.000772,0.000625,0.000147,67.0,123.0,0.0,0.0,1.6094379124341003,0.0,0.6931471805599453,0.6931471805599453,0.6931471805599453,0.6931471805599453,1.7636822444358595,2.0105710768066785,0.8626185974334671,0.8455910912417341,0.0,0.0,0.0,0.0,0.0,0.0,0.0,0.0,0.0,0.0,0.0,0.0,0.0,0.0,0.0,0.0,0.0,0.0,0.0,0.0,0.0,0.0,0.0,0.0,0.0,0.0,0.0,0.0,0.0,0.0,0.0,0.0,0.0,0.0,0.0,0.0,0.0,0.0,0.0,0.0,0.0,0.0,0.0,0.0,0.0,0.0,0.0,0.0,0.0,0.0,0.0,0.0,0.0,0.0,0.0,1.0,0.0,0.0,0.0,0.0,0.0,0.0,0.0,0.0,0.0,0.0,1.0,0.0,0.0,0.0,0.0,0.0,0.0,0.0,0.0,0.0,0.0,1.0,0.0,0.0
2e-06,1.0986122886681098,0.0,5.1298987149230735,0.0,13.122365380002323,254.0,0.0,19.632621720903668,0.0,0.0,0.0,0.001998002662673056,0.0,0.0,0.0,0.0,0.0,0.0,0.0,0.0,0.0,0.0,84.0,0.0,0.0,0.0,0.6931471805599453,1.0986122886681098,0.6931471805599453,0.6931471805599453,0.6931471805599453,0.6931471805599453,2.4444242238659424,0.0,5.1298987149230735,1.0986122886681098,0.0,0.0,0.0,0.0,0.0,0.0,0.0,0.0,0.0,0.0,0.0,0.0,0.0,0.0,0.0,0.0,0.0,0.0,0.0,0.0,0.0,0.0,0.0,0.0,0.0,0.0,0.0,0.0,0.0,0.0,0.0,0.0,0.0,0.0,0.0,0.0,0.0,0.0,0.0,0.0,0.0,0.0,0.0,0.0,0.0,0.0,0.0,0.0,0.0,0.0,0.0,0.0,0.0,0.0,0.0,0.0,1.0,0.0,0.0,0.0,0.0,0.0,0.0,0.0,0.0,0.0,1.0,0.0,0.0,0.0,0.0,0.0,0.0,0.0,0.0,0.0,0.0,0.0,1.0,0.0
7e-06,1.0986122886681098,0.0,4.74493212836325,0.0,11.869607395184557,254.0,0.0,17.992093216230366,0.0,0.0,0.0,0.006975613736425242,0.0,0.0,0.0,0.0,0.0,0.0,0.0,0.0,0.0,0.0,57.0,0.0,0.0,0.0,3.5263605246161616,1.0986122886681098,2.9444389791664403,2.8903717578961645,2.8903717578961645,3.5263605246161616,2.260985582703623,0.0,4.74493212836325,1.0986122886681098,0.0,0.0,0.0,0.0,0.0,0.0,0.0,0.0,0.0,0.0,0.0,0.0,0.0,0.0,0.0,0.0,0.0,0.0,0.0,0.0,0.0,0.0,0.0,0.0,0.0,0.0,0.0,0.0,0.0,0.0,0.0,0.0,0.0,0.0,0.0,0.0,0.0,0.0,0.0,0.0,0.0,0.0,0.0,0.0,0.0,0.0,0.0,0.0,0.0,0.0,0.0,0.0,0.0,0.0,0.0,0.0,1.0,0.0,0.0,0.0,0.0,0.0,0.0,0.0,0.0,0.0,0.0,0.0,1.0,0.0,0.0,0.0,0.0,0.0,0.0,0.0,0.0,0.0,1.0,0.0
9e-06,1.0986122886681098,0.0,5.303304908059076,0.0,11.618294945387872,254.0,0.0,18.30289770954598,0.0,0.0,0.0,0.008959741371471902,0.0,0.0,0.0,0.0,0.0,0.0,0.0,0.0,0.0,0.0,100.0,0.0,0.0,0.0,1.6094379124341003,1.0986122886681098,1.0986122886681098,1.0986122886681098,1.0986122886681098,1.6094379124341003,2.527053204012654,0.0,5.303304908059076,1.0986122886681098,0.0,0.0,0.0,0.0,0.0,0.0,0.0,0.0,0.0,0.0,0.0,0.0,0.0,0.0,0.0,0.0,0.0,0.0,0.0,0.0,0.0,0.0,0.0,0.0,0.0,0.0,0.0,0.0,0.0,0.0,0.0,0.0,0.0,0.0,0.0,0.0,0.0,0.0,0.0,0.0,0.0,0.0,0.0,0.0,0.0,0.0,0.0,0.0,0.0,0.0,0.0,0.0,0.0,0.0,0.0,0.0,0.0,0.0,0.0,0.0,0.0,1.0,0.0,0.0,0.0,0.0,1.0,0.0,0.0,0.0,0.0,0.0,0.0,0.0,0.0,0.0,0.0,0.0,1.0,0.0
3e-06,1.0986122886681098,0.0,4.74493212836325,0.0,12.71690123379177,254.0,0.0,18.839391085389497,0.0,0.0,0.0,0.002995508979798479,0.0,0.0,0.0,0.0,0.0,0.0,0.0,0.0,0.0,0.0,57.0,0.0,0.0,0.0,3.367295829986474,1.0986122886681098,2.833213344056216,2.833213344056216,2.833213344056216,3.367295829986474,2.260985582703623,0.0,4.74493212836325,1.0986122886681098,0.0,0.0,0.0,0.0,0.0,0.0,0.0,0.0,0.0,0.0,0.0,0.0,0.0,0.0,0.0,0.0,0.0,0.0,0.0,0.0,0.0,0.0,0.0,0.0,0.0,0.0,0.0,0.0,0.0,0.0,0.0,0.0,0.0,0.0,0.0,0.0,0.0,0.0,0.0,0.0,0.0,0.0,0.0,0.0,0.0,0.0,0.0,0.0,0.0,0.0,0.0,0.0,0.0,0.0,0.0,0.0,1.0,0.0,0.0,0.0,0.0,0.0,0.0,0.0,0.0,0.0,0.0,0.0,1.0,0.0,0.0,0.0,0.0,0.0,0.0,0.0,0.0,0.0,1.0,0.0
0.0,0.6931471805599453,0.0,3.8501476017100584,0.0,0.0,0.0,0.0,0.0,0.0,0.0,0.0,11.002126174190854,0.0,0.0,0.0,0.0,0.0,0.0,0.0,0.0,0.0,0.0,46.0,0.0,0.0,0.0,1.0986122886681098,1.0986122886681098,1.0986122886681098,1.0986122886681098,1.0986122886681098,1.0986122886681098,2.2739591961738173,0.0,3.8501476017100584,0.6931471805599453,0.0,0.0,0.0,1.0,0.0,0.0,0.0,0.0,0.0,0.0,0.0,0.0,0.0,0.0,0.0,0.0,0.0,0.0,0.0,0.0,0.0,0.0,0.0,0.0,0.0,0.0,0.0,0.0,0.0,0.0,0.0,0.0,0.0,0.0,0.0,0.0,0.0,0.0,0.0,0.0,0.0,0.0,0.0,0.0,0.0,0.0,0.0,0.0,0.0,0.0,0.0,0.0,0.0,0.0,0.0,0.0,0.0,0.0,0.0,0.0,0.0,0.0,0.0,0.0,0.0,0.0,1.0,0.0,0.0,0.0,0.0,0.0,0.0,0.0,0.0,0.0,0.0,0.0,1.0,0.0
0.651556,2.3978952727983707,2.1972245773362196,6.715383386334681,7.190676034332207,3.2992158544910315,62.0,252.0,9.117292416581577,9.564940547971663,1.0986122886681098,1.0986122886681098,4.295857325772656,4.303244337557465,8.17905280500651,4.70081361934819,255.0,357619792.0,4267661112.0,255.0,0.220988,0.140194,0.080794,82.0,166.0,0.6931471805599453,5.537334267018537,0.6931471805599453,0.6931471805599453,0.6931471805599453,0.6931471805599453,0.6931471805599453,1.3862943611198906,1.9763361867254254,2.2490368944689982,0.8198814552286455,0.7499927561535845,0.0,0.0,0.0,0.0,0.0,0.0,0.0,0.0,0.0,0.0,0.0,0.0,0.0,0.0,0.0,0.0,0.0,0.0,0.0,0.0,0.0,0.0,0.0,0.0,0.0,0.0,0.0,0.0,0.0,0.0,0.0,0.0,0.0,0.0,0.0,0.0,0.0,0.0,0.0,0.0,0.0,0.0,0.0,0.0,0.0,0.0,0.0,0.0,0.0,0.0,0.0,0.0,0.0,0.0,0.0,1.0,0.0,0.0,0.0,0.0,0.0,0.0,0.0,0.0,0.0,0.0,0.0,0.0,0.0,0.0,0.0,1.0,0.0,0.0,0.0,0.0,0.0,1.0,0.0,0.0
1.062901,2.3978952727983707,2.3978952727983707,6.411818267709897,6.472346294500901,2.937870400579968,254.0,252.0,8.324957298005314,8.385138275121035,1.0986122886681098,1.3862943611198906,4.779964408350745,4.675321053405543,8.832831108175183,5.2776719592125065,255.0,3867205216.0,968581192.0,255.0,0.233439,0.105852,0.127587,61.0,65.0,0.0,0.0,1.3862943611198906,0.6931471805599453,0.6931471805599453,0.6931471805599453,0.6931471805599453,1.0986122886681098,1.8869970240222795,1.904810411996758,0.8580729552682168,0.7057001703361976,0.0,0.0,0.0,0.0,0.0,0.0,0.0,0.0,0.0,0.0,0.0,0.0,0.0,0.0,0.0,0.0,0.0,0.0,0.0,0.0,0.0,0.0,0.0,0.0,0.0,0.0,0.0,0.0,0.0,0.0,0.0,0.0,0.0,0.0,0.0,0.0,0.0,0.0,0.0,0.0,0.0,0.0,0.0,0.0,0.0,0.0,0.0,0.0,0.0,0.0,0.0,0.0,0.0,0.0,0.0,1.0,0.0,0.0,0.0,0.0,0.0,0.0,0.0,0.0,0.0,0.0,1.0,0.0,0.0,0.0,0.0,0.0,0.0,0.0,0.0,0.0,0.0,1.0,0.0,0.0
9e-06,1.0986122886681098,0.0,4.74493212836325,0.0,11.618294945387872,254.0,0.0,17.740778757247703,0.0,0.0,0.0,0.008959741371471902,0.0,0.0,0.0,0.0,0.0,0.0,0.0,0.0,0.0,0.0,57.0,0.0,0.0,0.0,3.295836866004329,1.0986122886681098,2.833213344056216,2.833213344056216,2.833213344056216,3.295836866004329,2.260985582703623,0.0,4.74493212836325,1.0986122886681098,0.0,0.0,0.0,0.0,0.0,0.0,0.0,0.0,0.0,0.0,0.0,0.0,0.0,0.0,0.0,0.0,0.0,0.0,0.0,0.0,0.0,0.0,0.0,0.0,0.0,0.0,0.0,0.0,0.0,0.0,0.0,0.0,0.0,0.0,0.0,0.0,0.0,0.0,0.0,0.0,0.0,0.0,0.0,0.0,0.0,0.0,0.0,0.0,0.0,0.0,0.0,0.0,0.0,0.0,0.0,0.0,1.0,0.0,0.0,0.0,0.0,0.0,0.0,0.0,0.0,0.0,0.0,0.0,1.0,0.0,0.0,0.0,0.0,0.0,0.0,0.0,0.0,0.0,1.0,0.0
3e-06,1.0986122886681098,0.0,4.74493212836325,0.0,12.71690123379177,254.0,0.0,18.839391085389497,0.0,0.0,0.0,0.002995508979798479,0.0,0.0,0.0,0.0,0.0,0.0,0.0,0.0,0.0,0.0,57.0,0.0,0.0,0.0,3.6375861597263857,1.0986122886681098,2.6390573296152584,2.6390573296152584,2.6390573296152584,3.6375861597263857,2.260985582703623,0.0,4.74493212836325,1.0986122886681098,0.0,0.0,0.0,0.0,0.0,0.0,0.0,0.0,0.0,0.0,0.0,0.0,0.0,0.0,0.0,0.0,0.0,0.0,0.0,0.0,0.0,0.0,0.0,0.0,0.0,0.0,0.0,0.0,0.0,0.0,0.0,0.0,0.0,0.0,0.0,0.0,0.0,0.0,0.0,0.0,0.0,0.0,0.0,0.0,0.0,0.0,0.0,0.0,0.0,0.0,0.0,0.0,0.0,0.0,0.0,0.0,1.0,0.0,0.0,0.0,0.0,0.0,0.0,0.0,0.0,0.0,0.0,0.0,1.0,0.0,0.0,0.0,0.0,0.0,0.0,0.0,0.0,0.0,1.0,0.0
0.868966,3.4339872044851463,4.990432586778736,7.4645098346365275,12.133087888487962,5.310190506035123,62.0,252.0,9.65007140519019,14.346105426116301,1.0986122886681098,4.276666119016055,3.432836413546926,1.9091462782488835,7.2787957717441145,6.562111731970505,255.0,3333136391.0,2284821097.0,255.0,0.07032,0.019777,0.050543,58.0,1273.0,0.6931471805599453,0.0,1.3862943611198906,0.6931471805599453,0.6931471805599453,0.6931471805599453,0.6931471805599453,0.6931471805599453,1.6834757274639613,2.0254109720333813,0.5683743151661746,0.5732452798257297,0.0,0.0,0.0,0.0,0.0,0.0,0.0,0.0,0.0,0.0,0.0,0.0,0.0,0.0,0.0,0.0,0.0,0.0,0.0,0.0,0.0,0.0,0.0,0.0,0.0,0.0,0.0,0.0,0.0,0.0,0.0,0.0,0.0,0.0,0.0,0.0,0.0,0.0,0.0,0.0,0.0,0.0,0.0,0.0,0.0,0.0,0.0,0.0,0.0,0.0,0.0,0.0,0.0,0.0,0.0,1.0,0.0,0.0,0.0,0.0,0.0,0.0,0.0,0.0,0.0,0.0,0.0,0.0,0.0,0.0,0.0,1.0,0.0,0.0,0.0,0.0,0.0,1.0,0.0,0.0
9e-06,1.0986122886681098,0.0,4.74493212836325,0.0,11.618294945387872,254.0,0.0,17.740778757247703,0.0,0.0,0.0,0.008959741371471902,0.0,0.0,0.0,0.0,0.0,0.0,0.0,0.0,0.0,0.0,57.0,0.0,0.0,0.0,3.295836866004329,1.0986122886681098,2.3978952727983707,2.3978952727983707,2.3978952727983707,3.332204510175204,2.260985582703623,0.0,4.74493212836325,1.0986122886681098,0.0,0.0,0.0,0.0,0.0,0.0,0.0,0.0,0.0,0.0,0.0,0.0,0.0,0.0,0.0,0.0,0.0,0.0,0.0,0.0,0.0,0.0,0.0,0.0,0.0,0.0,0.0,0.0,0.0,0.0,0.0,0.0,0.0,0.0,0.0,0.0,0.0,0.0,0.0,0.0,0.0,0.0,0.0,0.0,0.0,0.0,0.0,0.0,0.0,0.0,0.0,0.0,0.0,0.0,0.0,0.0,1.0,0.0,0.0,0.0,0.0,0.0,0.0,0.0,0.0,0.0,0.0,0.0,1.0,0.0,0.0,0.0,0.0,0.0,0.0,0.0,0.0,0.0,1.0,0.0
1.076972,2.70805020110221,2.5649493574615367,6.683360945766275,6.52649485957079,3.1868992192944114,254.0,252.0,8.613470410578152,8.444853486740293,1.6094379124341003,1.6094379124341003,4.402026289127564,4.528869178581769,8.414453267229353,4.828275176558845,255.0,4206939307.0,2956613814.0,255.0,0.129169,0.068772,0.060397,57.0,57.0,0.0,0.0,1.3862943611198906,0.6931471805599453,0.6931471805599453,0.6931471805599453,0.6931471805599453,1.3862943611198906,1.8023922501857337,1.8307398521414218,0.8879778795394545,0.7596321657232484,0.0,0.0,0.0,0.0,0.0,0.0,0.0,0.0,0.0,0.0,0.0,0.0,0.0,0.0,0.0,0.0,0.0,0.0,0.0,0.0,0.0,0.0,0.0,0.0,0.0,0.0,0.0,0.0,0.0,0.0,0.0,0.0,0.0,0.0,0.0,0.0,0.0,0.0,0.0,0.0,0.0,0.0,0.0,0.0,0.0,0.0,0.0,0.0,0.0,0.0,0.0,0.0,0.0,0.0,0.0,1.0,0.0,0.0,0.0,0.0,0.0,0.0,0.0,0.0,0.0,0.0,0.0,0.0,0.0,1.0,0.0,0.0,0.0,0.0,0.0,0.0,0.0,1.0,0.0,0.0
7.922174,2.1972245773362196,2.3978952727983707,6.959398512133975,6.715383386334681,1.1460923887289651,31.0,29.0,6.836310542343227,6.620458793515472,1.0986122886681098,1.0986122886681098,7.032347807107639,6.781258867887702,11.444880861021181,7.819984674784539,255.0,2677389702.0,2682663773.0,255.0,0.000715,0.000574,0.000141,132.0,82.0,0.6931471805599453,4.430816798843313,1.791759469228055,0.0,2.6390573296152584,1.791759469228055,0.6931471805599453,1.0986122886681098,2.1766999295158134,1.9763361867254254,0.9020159029893849,0.6466428188431698,0.0,0.0,0.0,0.0,0.0,0.0,0.0,0.0,0.0,0.0,0.0,0.0,0.0,0.0,0.0,0.0,0.0,0.0,0.0,0.0,0.0,0.0,0.0,0.0,0.0,0.0,0.0,0.0,0.0,0.0,0.0,0.0,0.0,0.0,0.0,0.0,0.0,0.0,0.0,0.0,0.0,0.0,0.0,0.0,0.0,0.0,0.0,0.0,0.0,0.0,0.0,0.0,0.0,0.0,0.0,1.0,0.0,0.0,0.0,0.0,0.0,0.0,0.0,0.0,0.0,0.0,0.0,0.0,0.0,0.0,0.0,1.0,0.0,0.0,0.0,0.0,0.0,1.0,0.0,0.0
