100.50.53.81,443,192.168.50.154,58910,tcp,60.33534836769104,6490,,0
100.50.53.81,443,192.168.50.154,63918,tcp,45.28600454330444,5530,,0
100.51.143.210,443,192.168.50.154,55280,tcp,60.17758512496948,5889,,0
100.92.106.243,0,192.168.50.154,0,udp,0.0,134,,0
104.18.157.37,443,192.168.50.154,51347,tcp,460.7480342388153,23413,,0
104.208.16.88,443,192.168.50.154,58912,tcp,109.78424715995789,7464,,0
13.107.5.93,443,192.168.50.154,55326,tcp,124.20867490768433,14136,,0
13.107.5.93,443,192.168.50.154,63825,tcp,4.578319311141968,13025,,0
13.226.251.118,443,192.168.50.154,51188,tcp,240.0709891319275,3164,,0
13.226.251.118,443,192.168.50.154,54943,tcp,240.08109641075134,3164,,0
13.226.251.118,443,192.168.50.154,56645,tcp,309.3207061290741,1071,,0
13.226.251.57,443,192.168.50.154,62037,tcp,100.2655737400055,5328,,0
13.226.251.57,443,192.168.50.154,63879,tcp,240.07024788856506,2912,,0
13.226.251.64,443,192.168.50.154,64959,tcp,90.18365406990051,2568,,0
13.69.116.105,443,192.168.50.154,61246,tcp,79.94500660896301,186,,0
140.82.112.25,443,192.168.50.154,50076,tcp,242.0709581375122,1081,,0
140.82.112.25,443,192.168.50.154,53271,tcp,2.2227964401245117,4527,,0
140.82.112.25,443,192.168.50.154,54906,tcp,420.21622467041016,5783,,0
140.82.112.25,443,192.168.50.154,63716,tcp,2.222998857498169,4526,,0
140.82.112.25,443,192.168.50.154,65108,tcp,60.21231150627136,4587,,0
140.82.112.3,443,192.168.50.154,60793,tcp,0.3585188388824463,5328,,0
140.82.112.3,443,192.168.50.154,60796,tcp,0.29108572006225586,5354,,0
140.82.113.25,443,192.168.50.154,62333,tcp,1142.2327110767365,8382,,0
140.82.113.4,443,192.168.50.154,49872,tcp,30.315942764282227,14324,,0
140.82.113.5,443,192.168.50.154,52928,tcp,31.02573823928833,8758,,0
140.82.114.25,443,192.168.50.154,55050,tcp,2.0697576999664307,335,,0
140.82.114.26,443,192.168.50.154,54523,tcp,1022.2231526374817,7982,,0
140.82.114.5,443,192.168.50.154,60030,tcp,30.26185441017151,5872,,0
140.82.114.5,443,192.168.50.154,62120,tcp,30.2738094329834,5276,,0
140.82.114.5,443,192.168.50.154,65314,tcp,30.283437728881836,5276,,0
140.82.114.6,443,192.168.50.154,51343,tcp,30.272876262664795,5343,,0
140.82.114.6,443,192.168.50.154,65231,tcp,0.06093955039978027,225,,0
142.250.188.35,443,192.168.50.154,65194,tcp,52.552305459976196,186,,0
142.250.188.42,443,192.168.50.154,49465,udp,404.2224349975586,10483,,0
142.250.188.42,443,192.168.50.154,54373,udp,0.19856500625610352,6501,,0
142.250.188.42,443,192.168.50.154,54519,udp,0.33696413040161133,5456,,0
142.250.188.42,443,192.168.50.154,57118,udp,0.06467485427856445,4743,,0
142.250.188.42,443,192.168.50.154,57398,udp,0.06665349006652832,6108,,0
142.250.188.42,443,192.168.50.154,62822,udp,0.0987551212310791,6106,,0
142.250.188.42,443,192.168.50.154,64969,udp,1044.0993206501007,23255,,0
142.250.188.46,443,192.168.50.154,52595,tcp,52.80764174461365,186,,0
142.250.72.202,443,192.168.50.154,53414,udp,0.04294538497924805,6218,,0
142.250.72.202,443,192.168.50.154,60497,udp,0.06985855102539062,6183,,0
142.250.72.206,80,192.168.50.154,61251,tcp,100.08130359649658,1942,,0
142.250.72.206,443,192.168.50.154,49212,udp,0.06419873237609863,7646,,0
142.250.72.206,443,192.168.50.154,49682,udp,0.0972738265991211,7709,,0
142.250.72.206,443,192.168.50.154,54015,udp,0.08216047286987305,7598,,0
142.250.72.206,443,192.168.50.154,54404,udp,0.14681053161621094,7672,,0
142.250.72.206,443,192.168.50.154,55139,udp,0.06526875495910645,9100,,0
142.250.72.206,443,192.168.50.154,58354,udp,0.07902741432189941,7720,,0
142.250.72.206,443,192.168.50.154,63734,udp,0.0915079116821289,8983,,0
142.251.183.188,5228,192.168.50.154,58952,tcp,1394.7959339618683,2248,,0
142.251.35.131,443,192.168.50.154,53735,tcp,0.015686750411987305,181,,0
142.251.35.142,443,192.168.50.154,53640,udp,0.12520074844360352,7675,,0
142.251.35.142,443,192.168.50.154,55433,udp,0.07140016555786133,9149,,0
142.251.46.131,80,192.168.50.154,62030,tcp,60.44674348831177,728,,0
142.251.46.132,443,192.168.50.154,54182,tcp,0.0,54,,0
142.251.46.132,443,192.168.50.154,54388,udp,0.02460455894470215,5706,,0
142.251.46.132,443,192.168.50.154,58222,udp,0.03549456596374512,5693,,0
142.251.46.132,443,192.168.50.154,59847,udp,0.024533748626708984,5706,,0
142.251.46.132,443,192.168.50.154,65310,udp,0.026591777801513672,4319,,0
142.251.46.138,443,192.168.50.154,50980,udp,0.11931371688842773,4804,,0
142.251.46.138,443,192.168.50.154,52069,udp,0.05341529846191406,4588,,0
142.251.46.138,443,192.168.50.154,54482,tcp,50.28475570678711,186,,0
142.251.46.142,80,192.168.50.154,50954,tcp,100.08604788780212,1984,,0
142.251.46.142,80,192.168.50.154,53182,tcp,0.059386253356933594,1491,,0
142.251.46.142,443,192.168.50.154,54675,udp,0.07809305191040039,7652,,0
142.251.46.142,443,192.168.50.154,55700,udp,0.13004493713378906,7595,,0
142.251.46.142,443,192.168.50.154,57857,udp,0.0849614143371582,9183,,0
142.251.46.142,443,192.168.50.154,64374,udp,0.10786676406860352,9392,,0
150.171.109.225,443,192.168.50.154,62026,tcp,90.14907646179199,11550,,0
150.171.109.226,443,192.168.50.154,53233,tcp,90.10828709602356,78963,,0
150.171.109.226,443,192.168.50.154,61860,tcp,90.10992741584778,71527,,0
150.171.109.226,443,192.168.50.154,63824,tcp,90.10809135437012,9625,,0
150.171.109.226,443,192.168.50.154,65114,tcp,90.13408064842224,78909,,0
150.171.109.227,443,192.168.50.154,54426,tcp,90.17845487594604,78995,,0
150.171.109.227,443,192.168.50.154,54996,tcp,90.14358139038086,71239,,0
150.171.109.227,443,192.168.50.154,62909,tcp,90.16370463371277,9313,,0
162.151.50.149,0,192.168.50.154,0,udp,0.0,134,,0
162.151.50.69,0,192.168.50.154,0,udp,0.0,134,,0
162.254.195.75,27018,192.168.50.154,54545,tcp,1430.082529783249,21688,,0
17.253.23.202,80,192.168.50.154,62035,tcp,60.03870224952698,540,,0
172.64.151.57,443,192.168.50.154,51350,tcp,460.1209490299225,6255,,0
173.194.206.84,443,192.168.50.154,59631,udp,0.181196928024292,8207,,0
18.160.143.129,443,192.168.50.154,51223,udp,0.11963820457458496,14222,,0
18.235.30.233,443,192.168.50.154,53864,tcp,60.17974543571472,8161,,0
18.238.136.74,443,192.168.50.154,62036,tcp,100.07952761650085,1028,,0
18.238.136.74,443,192.168.50.154,65109,tcp,0.047261953353881836,974,,0
18.238.136.87,443,192.168.50.154,53648,tcp,0.0978548526763916,846,,0
18.238.136.87,443,192.168.50.154,53649,tcp,100.0926239490509,1177,,0
18.238.136.87,443,192.168.50.154,62121,tcp,0.10148191452026367,846,,0
18.238.136.87,443,192.168.50.154,62122,tcp,100.06598806381226,1178,,0
192.168.50.1,0,224.0.0.1,0,udp,1440.0899612903595,3796,,0
192.168.50.1,53,192.168.50.154,49171,udp,0.0,129,,0
192.168.50.1,53,192.168.50.154,49265,udp,0.0,119,,0
192.168.50.1,53,192.168.50.154,49370,udp,0.33409881591796875,385,,0
192.168.50.1,53,192.168.50.154,49553,udp,0.0,153,,0
192.168.50.1,53,192.168.50.154,49567,udp,0.0,438,,0
192.168.50.1,53,192.168.50.154,49654,udp,2.245906352996826,318,,0
192.168.50.1,53,192.168.50.154,49658,udp,0.0,107,,0
192.168.50.1,53,192.168.50.154,49670,udp,0.0,197,,0
192.168.50.1,53,192.168.50.154,49761,udp,0.0,107,,0
192.168.50.1,53,192.168.50.154,49876,udp,0.0,159,,0
192.168.50.1,53,192.168.50.154,49930,udp,0.0,175,,0
192.168.50.1,53,192.168.50.154,49952,udp,0.8176517486572266,445,,0
192.168.50.1,53,192.168.50.154,49954,udp,0.0,224,,0
192.168.50.1,53,192.168.50.154,49987,udp,0.0,160,,0
192.168.50.1,53,192.168.50.154,50060,udp,0.0,178,,0
192.168.50.1,53,192.168.50.154,50081,udp,0.0,213,,0
192.168.50.1,53,192.168.50.154,50267,udp,0.0,152,,0
192.168.50.1,53,192.168.50.154,50467,udp,0.0,283,,0
192.168.50.1,53,192.168.50.154,50473,udp,0.0,141,,0
192.168.50.1,53,192.168.50.154,50486,udp,0.0,126,,0
192.168.50.1,53,192.168.50.154,50503,udp,0.0,216,,0
192.168.50.1,53,192.168.50.154,50527,udp,0.0,220,,0
192.168.50.1,53,192.168.50.154,50557,udp,1263.4284327030182,386,,0
192.168.50.1,53,192.168.50.154,50637,udp,0.0,326,,0
192.168.50.1,53,192.168.50.154,50731,udp,0.0,160,,0
192.168.50.1,53,192.168.50.154,50787,udp,0.0,175,,0
192.168.50.1,53,192.168.50.154,50927,udp,0.0,218,,0
192.168.50.1,53,192.168.50.154,50958,udp,0.0,90,,0
192.168.50.1,53,192.168.50.154,51091,udp,0.0,206,,0
192.168.50.1,53,192.168.50.154,51104,udp,0.0,86,,0
192.168.50.1,53,192.168.50.154,51290,udp,0.0,175,,0
192.168.50.1,53,192.168.50.154,51297,udp,0.0,224,,0
192.168.50.1,53,192.168.50.154,51327,udp,0.0,175,,0
192.168.50.1,53,192.168.50.154,51426,udp,0.0,175,,0
192.168.50.1,53,192.168.50.154,51648,udp,0.0,111,,0
192.168.50.1,53,192.168.50.154,51650,udp,0.0,126,,0
192.168.50.1,53,192.168.50.154,51720,udp,0.0,175,,0
192.168.50.1,53,192.168.50.154,52126,udp,0.0,90,,0
192.168.50.1,53,192.168.50.154,52133,udp,0.0,155,,0
192.168.50.1,53,192.168.50.154,52193,udp,0.0,126,,0
192.168.50.1,53,192.168.50.154,52261,udp,0.0,268,,0
192.168.50.1,53,192.168.50.154,52315,udp,0.0,90,,0
192.168.50.1,53,192.168.50.154,52325,udp,0.0,197,,0
192.168.50.1,53,192.168.50.154,52336,udp,329.7532277107239,231,,0
192.168.50.1,53,192.168.50.154,52396,udp,0.0,159,,0
192.168.50.1,53,192.168.50.154,52547,udp,0.0,95,,0
192.168.50.1,53,192.168.50.154,52586,udp,0.0,206,,0
192.168.50.1,53,192.168.50.154,52605,udp,0.0,152,,0
192.168.50.1,53,192.168.50.154,52685,udp,0.0,209,,0
192.168.50.1,53,192.168.50.154,52703,udp,0.0,251,,0
192.168.50.1,53,192.168.50.154,52853,udp,0.0,179,,0
192.168.50.1,53,192.168.50.154,53067,udp,39.99472403526306,1843,,0
192.168.50.1,53,192.168.50.154,53086,udp,0.0,302,,0
192.168.50.1,53,192.168.50.154,53167,udp,0.0,268,,0
192.168.50.1,53,192.168.50.154,53369,udp,0.0,302,,0
192.168.50.1,53,192.168.50.154,53423,udp,0.0,302,,0
192.168.50.1,53,192.168.50.154,53657,udp,0.0,197,,0
192.168.50.1,53,192.168.50.154,53740,udp,0.0,141,,0
192.168.50.1,53,192.168.50.154,53795,udp,0.0,86,,0
192.168.50.1,53,192.168.50.154,53933,udp,0.0,159,,0
192.168.50.1,53,192.168.50.154,54152,udp,0.0,187,,0
192.168.50.1,53,192.168.50.154,54234,udp,0.0,160,,0
192.168.50.1,53,192.168.50.154,54552,udp,0.0,160,,0
192.168.50.1,53,192.168.50.154,54584,udp,0.0,126,,0
192.168.50.1,53,192.168.50.154,54586,udp,0.0,103,,0
192.168.50.1,53,192.168.50.154,54838,udp,0.0,219,,0
192.168.50.1,53,192.168.50.154,54916,udp,0.0,159,,0
192.168.50.1,53,192.168.50.154,54937,udp,0.0,184,,0
192.168.50.1,53,192.168.50.154,54946,udp,2.2441627979278564,318,,0
192.168.50.1,53,192.168.50.154,55063,udp,0.0,206,,0
192.168.50.1,53,192.168.50.154,55175,udp,0.0,141,,0
192.168.50.1,53,192.168.50.154,55185,udp,0.0,216,,0
192.168.50.1,53,192.168.50.154,55243,udp,0.0,251,,0
192.168.50.1,53,192.168.50.154,55252,udp,0.0,216,,0
192.168.50.1,53,192.168.50.154,55305,udp,0.0,206,,0
192.168.50.1,53,192.168.50.154,55391,udp,0.0,206,,0
192.168.50.1,53,192.168.50.154,55473,udp,0.0,184,,0
192.168.50.1,53,192.168.50.154,55492,udp,0.0,179,,0
192.168.50.1,53,192.168.50.154,55537,udp,0.0,331,,0
192.168.50.1,53,192.168.50.154,55565,udp,0.0,175,,0
192.168.50.1,53,192.168.50.154,55569,udp,0.0,107,,0
192.168.50.1,53,192.168.50.154,55595,udp,0.0,159,,0
192.168.50.1,53,192.168.50.154,55771,udp,0.0,126,,0
192.168.50.1,53,192.168.50.154,55905,udp,0.0,135,,0
192.168.50.1,53,192.168.50.154,55957,udp,0.0,220,,0
192.168.50.1,53,192.168.50.154,56027,udp,0.0,179,,0
192.168.50.1,53,192.168.50.154,56195,udp,0.0,129,,0
192.168.50.1,53,192.168.50.154,56198,udp,0.0,107,,0
192.168.50.1,53,192.168.50.154,56199,udp,0.0,129,,0
192.168.50.1,53,192.168.50.154,56518,udp,0.0,162,,0
192.168.50.1,53,192.168.50.154,56647,udp,0.0,302,,0
192.168.50.1,53,192.168.50.154,56673,udp,0.0,197,,0
192.168.50.1,53,192.168.50.154,56681,udp,0.0,202,,0
192.168.50.1,53,192.168.50.154,56684,udp,0.0,175,,0
192.168.50.1,53,192.168.50.154,56776,udp,0.0,160,,0
192.168.50.1,53,192.168.50.154,56779,udp,0.0,216,,0
192.168.50.1,53,192.168.50.154,56942,udp,0.0,219,,0
192.168.50.1,53,192.168.50.154,56981,udp,0.0,164,,0
192.168.50.1,53,192.168.50.154,56983,udp,0.0,111,,0
192.168.50.1,53,192.168.50.154,56989,udp,0.0,143,,0
192.168.50.1,53,192.168.50.154,57028,udp,11.004595041275024,785,,0
192.168.50.1,53,192.168.50.154,57041,udp,0.0,179,,0
192.168.50.1,53,192.168.50.154,57079,udp,0.0,126,,0
192.168.50.1,53,192.168.50.154,57122,udp,0.0,224,,0
192.168.50.1,53,192.168.50.154,57145,udp,0.0,113,,0
192.168.50.1,53,192.168.50.154,57152,udp,0.0,152,,0
192.168.50.1,53,192.168.50.154,57153,udp,0.0,95,,0
192.168.50.1,53,192.168.50.154,57273,udp,0.0,164,,0
192.168.50.1,53,192.168.50.154,57365,udp,0.0,302,,0
192.168.50.1,53,192.168.50.154,57401,udp,0.0,159,,0
192.168.50.1,53,192.168.50.154,57659,udp,0.0,107,,0
192.168.50.1,53,192.168.50.154,57717,udp,0.0,164,,0
192.168.50.1,53,192.168.50.154,57801,udp,0.0,126,,0
192.168.50.1,53,192.168.50.154,57835,udp,0.0,206,,0
192.168.50.1,53,192.168.50.154,57916,udp,0.0,95,,0
192.168.50.1,53,192.168.50.154,58013,udp,0.0,103,,0
192.168.50.1,53,192.168.50.154,58029,udp,0.0,433,,0
192.168.50.1,53,192.168.50.154,58048,udp,0.0,143,,0
192.168.50.1,53,192.168.50.154,58059,udp,0.0,206,,0
192.168.50.1,53,192.168.50.154,58096,udp,0.0,218,,0
192.168.50.1,53,192.168.50.154,58132,udp,0.0,302,,0
192.168.50.1,53,192.168.50.154,58413,udp,0.0,219,,0
192.168.50.1,53,192.168.50.154,58498,udp,0.0,175,,0
192.168.50.1,53,192.168.50.154,58543,udp,0.0,179,,0
192.168.50.1,53,192.168.50.154,58602,udp,0.0,126,,0
192.168.50.1,53,192.168.50.154,58643,udp,5.407289981842041,563,,0
192.168.50.1,53,192.168.50.154,58757,udp,0.0,179,,0
192.168.50.1,53,192.168.50.154,58801,udp,0.0,220,,0
192.168.50.1,53,192.168.50.154,58894,udp,0.0,184,,0
192.168.50.1,53,192.168.50.154,58902,udp,0.0,212,,0
192.168.50.1,53,192.168.50.154,58940,udp,0.0,220,,0
192.168.50.1,53,192.168.50.154,59073,udp,0.0,141,,0
192.168.50.1,53,192.168.50.154,59089,udp,1.5533294677734375,453,,0
192.168.50.1,53,192.168.50.154,59097,udp,0.0,220,,0
192.168.50.1,53,192.168.50.154,59116,udp,0.0,283,,0
192.168.50.1,53,192.168.50.154,59138,udp,0.0,126,,0
192.168.50.1,53,192.168.50.154,59275,udp,0.0,152,,0
192.168.50.1,53,192.168.50.154,59446,udp,0.0,189,,0
192.168.50.1,53,192.168.50.154,59532,udp,0.0,256,,0
192.168.50.1,53,192.168.50.154,59660,udp,0.0,196,,0
192.168.50.1,53,192.168.50.154,59709,udp,0.0,127,,0
192.168.50.1,53,192.168.50.154,59914,udp,0.0,302,,0
192.168.50.1,53,192.168.50.154,59915,udp,0.0,95,,0
192.168.50.1,53,192.168.50.154,59956,udp,0.0,164,,0
192.168.50.1,53,192.168.50.154,59960,udp,2.187985897064209,318,,0
192.168.50.1,53,192.168.50.154,60004,udp,0.0,224,,0
192.168.50.1,53,192.168.50.154,60096,udp,0.0,215,,0
192.168.50.1,53,192.168.50.154,60148,udp,0.0,129,,0
192.168.50.1,53,192.168.50.154,60207,udp,0.0,302,,0
192.168.50.1,53,192.168.50.154,60227,udp,0.0,283,,0
192.168.50.1,53,192.168.50.154,60251,udp,0.0,90,,0
192.168.50.1,53,192.168.50.154,60551,udp,0.0,219,,0
192.168.50.1,53,192.168.50.154,60592,udp,0.0,192,,0
192.168.50.1,53,192.168.50.154,60633,udp,13.187606573104858,239,,0
192.168.50.1,53,192.168.50.154,60735,udp,0.0,152,,0
192.168.50.1,53,192.168.50.154,60876,udp,0.0,161,,0
192.168.50.1,53,192.168.50.154,60884,udp,5.481956243515015,717,,0
192.168.50.1,53,192.168.50.154,60901,udp,0.0,158,,0
192.168.50.1,53,192.168.50.154,60929,udp,0.0,139,,0
192.168.50.1,53,192.168.50.154,60946,udp,0.0,152,,0
192.168.50.1,53,192.168.50.154,61104,udp,0.0,111,,0
192.168.50.1,53,192.168.50.154,61165,udp,0.0,144,,0
192.168.50.1,53,192.168.50.154,61266,udp,0.0,126,,0
192.168.50.1,53,192.168.50.154,61321,udp,0.0,126,,0
192.168.50.1,53,192.168.50.154,61581,udp,0.0,141,,0
192.168.50.1,53,192.168.50.154,61595,udp,0.0,302,,0
192.168.50.1,53,192.168.50.154,61740,udp,0.0,256,,0
192.168.50.1,53,192.168.50.154,61865,udp,14.834679365158081,352,,0
192.168.50.1,53,192.168.50.154,61884,udp,0.0,139,,0
192.168.50.1,53,192.168.50.154,61903,udp,0.0,253,,0
192.168.50.1,53,192.168.50.154,62008,udp,0.0,160,,0
192.168.50.1,53,192.168.50.154,62047,udp,0.0,158,,0
192.168.50.1,53,192.168.50.154,62084,udp,0.0,159,,0
192.168.50.1,53,192.168.50.154,62142,udp,0.0,175,,0
192.168.50.1,53,192.168.50.154,62376,udp,0.0,175,,0
192.168.50.1,53,192.168.50.154,62493,udp,0.0,256,,0
192.168.50.1,53,192.168.50.154,62595,udp,0.0,216,,0
192.168.50.1,53,192.168.50.154,62710,udp,0.0,144,,0
192.168.50.1,53,192.168.50.154,62770,udp,0.0,90,,0
192.168.50.1,53,192.168.50.154,62772,udp,0.0,224,,0
192.168.50.1,53,192.168.50.154,62793,udp,0.0,179,,0
192.168.50.1,53,192.168.50.154,62849,udp,0.0,220,,0
192.168.50.1,53,192.168.50.154,62933,udp,0.0,126,,0
192.168.50.1,53,192.168.50.154,62959,udp,0.0,175,,0
192.168.50.1,53,192.168.50.154,62988,udp,0.0,126,,0
192.168.50.1,53,192.168.50.154,62992,udp,0.0,220,,0
192.168.50.1,53,192.168.50.154,63001,udp,0.0,126,,0
192.168.50.1,53,192.168.50.154,63192,udp,0.0,219,,0
192.168.50.1,53,192.168.50.154,63243,udp,0.017942190170288086,226,,0
192.168.50.1,53,192.168.50.154,63306,udp,0.0,224,,0
192.168.50.1,53,192.168.50.154,63494,udp,0.0,192,,0
192.168.50.1,53,192.168.50.154,63510,udp,0.0,159,,0
192.168.50.1,53,192.168.50.154,63540,udp,0.0,170,,0
192.168.50.1,53,192.168.50.154,63542,udp,0.0,307,,0
192.168.50.1,53,192.168.50.154,63589,udp,0.0,111,,0
192.168.50.1,53,192.168.50.154,63706,udp,0.0,90,,0
192.168.50.1,53,192.168.50.154,63758,udp,0.0,216,,0
192.168.50.1,53,192.168.50.154,63799,udp,0.0,175,,0
192.168.50.1,53,192.168.50.154,63889,udp,0.0,152,,0
192.168.50.1,53,192.168.50.154,63924,udp,0.0,158,,0
192.168.50.1,53,192.168.50.154,64035,udp,0.0,164,,0
192.168.50.1,53,192.168.50.154,64150,udp,0.0,107,,0
192.168.50.1,53,192.168.50.154,64271,udp,0.0,160,,0
192.168.50.1,53,192.168.50.154,64290,udp,0.0,170,,0
192.168.50.1,53,192.168.50.154,64512,udp,0.0,152,,0
192.168.50.1,53,192.168.50.154,64567,udp,0.0,107,,0
192.168.50.1,53,192.168.50.154,64951,udp,0.0,197,,0
192.168.50.1,53,192.168.50.154,65002,udp,0.0,251,,0
192.168.50.1,53,192.168.50.154,65041,udp,0.0,179,,0
192.168.50.1,53,192.168.50.154,65069,udp,0.5832886695861816,369,,0
192.168.50.1,53,192.168.50.154,65090,udp,0.0,160,,0
192.168.50.1,53,192.168.50.154,65106,udp,952.7982811927795,1471,,0
192.168.50.1,53,192.168.50.154,65211,udp,0.0,159,,0
192.168.50.1,53,192.168.50.154,65243,udp,0.0,175,,0
192.168.50.1,53,192.168.50.154,65491,udp,0.0,152,,0
192.168.50.1,1900,239.255.255.250,1900,udp,980.1934778690338,11384,,0
192.168.50.1,9999,255.255.255.255,9999,udp,1206.9983508586884,16066,,0
192.168.50.1,33201,192.168.50.255,7788,udp,0.0,118,,0
192.168.50.1,33963,239.255.255.250,1900,udp,1380.6112830638885,253650,,0
192.168.50.1,34739,192.168.50.255,7788,udp,0.0,118,,0
192.168.50.1,39301,192.168.50.255,7788,udp,0.0,118,,0
192.168.50.1,40938,192.168.50.255,7788,udp,0.0,118,,0
192.168.50.1,41164,192.168.50.255,7788,udp,0.0,118,,0
192.168.50.1,44223,192.168.50.255,7788,udp,0.0,118,,0
192.168.50.1,44458,192.168.50.255,7788,udp,0.0,118,,0
192.168.50.1,46188,192.168.50.255,7788,udp,0.0,118,,0
192.168.50.1,49107,192.168.50.255,7788,udp,0.0,118,,0
192.168.50.1,51262,192.168.50.255,7788,udp,0.0,118,,0
192.168.50.1,52461,192.168.50.255,7788,udp,0.0,118,,0
192.168.50.1,53833,192.168.50.255,7788,udp,0.0,118,,0
192.168.50.1,54676,192.168.50.255,7788,udp,0.0,118,,0
192.168.50.1,55188,192.168.50.255,7788,udp,0.0,118,,0
192.168.50.1,55399,192.168.50.255,7788,udp,0.0,118,,0
192.168.50.1,55539,192.168.50.255,7788,udp,0.0,118,,0
192.168.50.1,55595,192.168.50.255,7788,udp,0.0,118,,0
192.168.50.1,56023,192.168.50.255,7788,udp,0.0,118,,0
192.168.50.1,57235,192.168.50.255,7788,udp,0.0,118,,0
192.168.50.1,58724,192.168.50.255,7788,udp,0.0,118,,0
192.168.50.1,59213,192.168.50.255,7788,udp,0.0,118,,0
192.168.50.1,59646,192.168.50.255,7788,udp,0.0,118,,0
192.168.50.1,60751,192.168.50.255,7788,udp,0.0,118,,0
192.168.50.149,5353,224.0.0.251,5353,udp,683.1280977725983,2556,,0
192.168.50.154,0,224.0.0.22,0,udp,1438.509528875351,11120,,0
192.168.50.154,0,23.217.9.21,0,udp,35.96093511581421,1696,,0
192.168.50.154,49171,192.168.50.1,53,udp,0.0,79,,0
192.168.50.154,49212,142.250.72.206,443,udp,0.07889342308044434,6083,,0
192.168.50.154,49265,192.168.50.1,53,udp,0.0,79,,0
192.168.50.154,49370,192.168.50.1,53,udp,0.33444952964782715,173,,0
192.168.50.154,49371,239.255.255.250,1900,udp,3.0292468070983887,848,,0
192.168.50.154,49372,239.255.255.250,1900,udp,3.028676748275757,848,,0
192.168.50.154,49465,142.250.188.42,443,udp,404.2249402999878,7947,,0
192.168.50.154,49553,192.168.50.1,53,udp,0.0,79,,0
192.168.50.154,49567,192.168.50.1,53,udp,0.0,82,,0
192.168.50.154,49606,35.160.8.114,443,tcp,10.132706880569458,4095,,0
192.168.50.154,49654,192.168.50.1,53,udp,2.2513315677642822,174,,0
192.168.50.154,49658,192.168.50.1,53,udp,0.0,91,,0
192.168.50.154,49670,192.168.50.1,53,udp,0.0,90,,0
192.168.50.154,49682,142.250.72.206,443,udp,0.08481597900390625,6085,,0
192.168.50.154,49704,20.59.87.225,443,tcp,1123.1991848945618,482,,0
192.168.50.154,49761,192.168.50.1,53,udp,0.0,91,,0
192.168.50.154,49872,140.82.113.4,443,tcp,30.374072551727295,4609,,0
192.168.50.154,49876,192.168.50.1,53,udp,0.0,95,,0
192.168.50.154,49930,192.168.50.1,53,udp,0.0,77,,0
192.168.50.154,49952,192.168.50.1,53,udp,0.817723274230957,179,,0
192.168.50.154,49954,192.168.50.1,53,udp,0.0,79,,0
192.168.50.154,49987,192.168.50.1,53,udp,0.0,78,,0
192.168.50.154,50060,192.168.50.1,53,udp,0.0,77,,0
192.168.50.154,50076,140.82.112.25,443,tcp,242.07087659835815,763,,0
192.168.50.154,50076,3.210.243.234,443,tcp,60.174296379089355,9126,,0
192.168.50.154,50081,192.168.50.1,53,udp,0.0,92,,0
192.168.50.154,50267,192.168.50.1,53,udp,0.0,95,,0
192.168.50.154,50467,192.168.50.1,53,udp,0.0,94,,0
192.168.50.154,50473,192.168.50.1,53,udp,0.0,91,,0
192.168.50.154,50486,192.168.50.1,53,udp,0.0,94,,0
192.168.50.154,50503,192.168.50.1,53,udp,0.0,88,,0
192.168.50.154,50527,192.168.50.1,53,udp,0.0,92,,0
192.168.50.154,50557,192.168.50.1,53,udp,1263.4291002750397,251,,0
192.168.50.154,50637,192.168.50.1,53,udp,0.0,81,,0
192.168.50.154,50731,192.168.50.1,53,udp,0.0,76,,0
192.168.50.154,50787,192.168.50.1,53,udp,0.0,77,,0
192.168.50.154,50927,192.168.50.1,53,udp,0.0,80,,0
192.168.50.154,50952,67.202.28.94,443,tcp,60.18052887916565,4322,,0
192.168.50.154,50953,23.222.27.67,443,tcp,0.09969210624694824,1543,,0
192.168.50.154,50954,142.251.46.142,80,tcp,100.10295057296753,1655,,0
192.168.50.154,50955,34.206.19.51,443,tcp,100.36835598945618,3311,,0
192.168.50.154,50956,3.169.202.123,443,tcp,101.54222202301025,1728,,0
192.168.50.154,50958,192.168.50.1,53,udp,0.0,74,,0
192.168.50.154,50980,142.251.46.138,443,udp,0.13736748695373535,3773,,0
192.168.50.154,51091,192.168.50.1,53,udp,0.0,78,,0
192.168.50.154,51104,192.168.50.1,53,udp,0.0,70,,0
192.168.50.154,51188,13.226.251.118,443,tcp,240.0672836303711,3513,,0
192.168.50.154,51223,18.160.143.129,443,udp,0.12113738059997559,5450,,0
192.168.50.154,51290,192.168.50.1,53,udp,0.0,88,,0
192.168.50.154,51297,192.168.50.1,53,udp,0.0,79,,0
192.168.50.154,51327,192.168.50.1,53,udp,0.0,88,,0
192.168.50.154,51343,140.82.114.6,443,tcp,30.331475734710693,3281,,0
192.168.50.154,51344,3.169.202.71,443,tcp,100.09983038902283,1218,,0
192.168.50.154,51347,104.18.157.37,443,tcp,460.75159072875977,3800,,0
192.168.50.154,51350,172.64.151.57,443,tcp,460.11480236053467,1689,,0
192.168.50.154,51351,52.183.220.149,443,tcp,0.2999262809753418,1390,,0
192.168.50.154,51352,52.183.220.149,443,tcp,0.281463623046875,1947,,0
192.168.50.154,51353,20.189.173.9,443,tcp,110.03018569946289,2198,,0
192.168.50.154,51426,192.168.50.1,53,udp,0.0,77,,0
192.168.50.154,51510,216.239.34.223,443,udp,0.09277677536010742,5900,,0
192.168.50.154,51648,192.168.50.1,53,udp,0.0,76,,0
192.168.50.154,51650,192.168.50.1,53,udp,0.0,94,,0
192.168.50.154,51719,52.6.27.13,443,tcp,60.20190095901489,5137,,0
192.168.50.154,51720,192.168.50.1,53,udp,0.0,77,,0
192.168.50.154,51792,3.169.202.104,443,tcp,0.10026335716247559,2995,,0
192.168.50.154,51893,192.178.212.84,443,udp,0.21299242973327637,7679,,0
192.168.50.154,52069,142.251.46.138,443,udp,0.06319093704223633,3578,,0
192.168.50.154,52126,192.168.50.1,53,udp,0.0,74,,0
192.168.50.154,52133,192.168.50.1,53,udp,0.0,78,,0
192.168.50.154,52193,192.168.50.1,53,udp,0.0,94,,0
192.168.50.154,52212,34.200.163.181,443,tcp,60.20099401473999,5171,,0
192.168.50.154,52261,192.168.50.1,53,udp,0.0,80,,0
192.168.50.154,52311,20.42.72.131,443,tcp,105.03193140029907,11558,,0
192.168.50.154,52315,192.168.50.1,53,udp,0.0,74,,0
192.168.50.154,52325,192.168.50.1,53,udp,0.0,90,,0
192.168.50.154,52336,192.168.50.1,53,udp,329.7493941783905,165,,0
192.168.50.154,52396,192.168.50.1,53,udp,0.0,95,,0
192.168.50.154,52547,192.168.50.1,53,udp,0.0,79,,0
192.168.50.154,52586,192.168.50.1,53,udp,0.0,78,,0
192.168.50.154,52587,239.255.255.250,1900,udp,3.030100107192993,848,,0
192.168.50.154,52588,239.255.255.250,1900,udp,3.0300822257995605,848,,0
192.168.50.154,52595,142.250.188.46,443,tcp,52.823450565338135,218,,0
192.168.50.154,52605,192.168.50.1,53,udp,0.0,95,,0
192.168.50.154,52685,192.168.50.1,53,udp,0.0,81,,0
192.168.50.154,52703,192.168.50.1,53,udp,0.0,94,,0
192.168.50.154,52781,52.45.43.41,443,tcp,60.175904273986816,9276,,0
192.168.50.154,52853,192.168.50.1,53,udp,0.0,92,,0
192.168.50.154,52862,216.239.32.223,443,udp,0.09488725662231445,5898,,0
192.168.50.154,52928,140.82.113.5,443,tcp,31.090184450149536,3807,,0
192.168.50.154,53067,192.168.50.1,53,udp,39.9925799369812,789,,0
192.168.50.154,53086,192.168.50.1,53,udp,0.0,77,,0
192.168.50.154,53167,192.168.50.1,53,udp,0.0,80,,0
192.168.50.154,53182,142.251.46.142,80,tcp,0.07599544525146484,747,,0
192.168.50.154,53233,150.171.109.226,443,tcp,90.11659836769104,4179,,0
192.168.50.154,53271,140.82.112.25,443,tcp,2.275099754333496,3684,,0
192.168.50.154,53369,192.168.50.1,53,udp,0.0,77,,0
192.168.50.154,53414,142.250.72.202,443,udp,0.09134435653686523,4868,,0
192.168.50.154,53423,192.168.50.1,53,udp,0.0,77,,0
192.168.50.154,53567,54.174.203.15,443,tcp,60.202351570129395,4318,,0
192.168.50.154,53640,142.251.35.142,443,udp,0.15360426902770996,6161,,0
192.168.50.154,53647,52.123.249.54,443,tcp,1081.0664911270142,6337,,0
192.168.50.154,53648,18.238.136.87,443,tcp,0.11464738845825195,862,,0
192.168.50.154,53649,18.238.136.87,443,tcp,100.10770201683044,889,,0
192.168.50.154,53657,192.168.50.1,53,udp,0.0,90,,0
192.168.50.154,53718,239.255.255.250,3702,udp,616.1779415607452,9772,,0
192.168.50.154,53735,142.251.35.131,443,tcp,0.01568913459777832,108,,0
192.168.50.154,53740,192.168.50.1,53,udp,0.0,91,,0
192.168.50.154,53795,192.168.50.1,53,udp,0.0,70,,0
192.168.50.154,53832,23.38.100.134,443,tcp,302.56532406806946,3461,,0
192.168.50.154,53864,18.235.30.233,443,tcp,60.179383516311646,9266,,0
192.168.50.154,53933,192.168.50.1,53,udp,0.0,95,,0
192.168.50.154,54015,142.250.72.206,443,udp,0.08652305603027344,6084,,0
192.168.50.154,54152,192.168.50.1,53,udp,0.0,80,,0
192.168.50.154,54182,142.251.46.132,443,tcp,0.0,55,,0
192.168.50.154,54234,192.168.50.1,53,udp,0.0,78,,0
192.168.50.154,54373,142.250.188.42,443,udp,0.24156880378723145,5524,,0
192.168.50.154,54388,142.251.46.132,443,udp,0.05811452865600586,4266,,0
192.168.50.154,54389,239.255.255.250,1900,udp,3.026909589767456,848,,0
192.168.50.154,54390,239.255.255.250,1900,udp,3.0273659229278564,848,,0
192.168.50.154,54404,142.250.72.206,443,udp,0.12107992172241211,6086,,0
192.168.50.154,54426,150.171.109.227,443,tcp,90.17964267730713,4667,,0
192.168.50.154,54482,142.251.46.138,443,tcp,50.29964900016785,218,,0
192.168.50.154,54519,142.250.188.42,443,udp,0.373185396194458,4587,,0
192.168.50.154,54523,140.82.114.26,443,tcp,1022.2828371524811,6367,,0
192.168.50.154,54524,54.92.131.24,443,tcp,100.35882759094238,2402,,0
192.168.50.154,54525,3.169.202.123,443,tcp,100.0951714515686,1218,,0
192.168.50.154,54545,162.254.195.75,27018,tcp,1430.0813674926758,9207,,0
192.168.50.154,54552,192.168.50.1,53,udp,0.0,78,,0
192.168.50.154,54584,192.168.50.1,53,udp,0.0,94,,0
192.168.50.154,54586,192.168.50.1,53,udp,0.0,87,,0
192.168.50.154,54675,142.251.46.142,443,udp,0.08366203308105469,6080,,0
192.168.50.154,54838,192.168.50.1,53,udp,0.0,90,,0
192.168.50.154,54890,255.255.255.255,8888,udp,1453.107147693634,143847,,0
192.168.50.154,54906,140.82.112.25,443,tcp,420.22093868255615,4888,,0
192.168.50.154,54907,20.190.151.131,443,tcp,0.4312424659729004,9561,,0
192.168.50.154,54908,20.190.151.131,443,tcp,0.4314157962799072,1218,,0
192.168.50.154,54909,20.190.151.131,443,tcp,0.387866735458374,5639,,0
192.168.50.154,54910,20.42.73.31,443,tcp,0.47406864166259766,4265,,0
192.168.50.154,54916,192.168.50.1,53,udp,0.0,95,,0
192.168.50.154,54937,192.168.50.1,53,udp,0.0,77,,0
192.168.50.154,54943,13.226.251.118,443,tcp,240.08128333091736,3513,,0
192.168.50.154,54946,192.168.50.1,53,udp,2.2466330528259277,174,,0
192.168.50.154,54996,150.171.109.227,443,tcp,90.15059995651245,4699,,0
192.168.50.154,55050,140.82.114.25,443,tcp,2.0597894191741943,207,,0
192.168.50.154,55063,192.168.50.1,53,udp,0.0,78,,0
192.168.50.154,55139,142.250.72.206,443,udp,0.10232686996459961,7378,,0
192.168.50.154,55175,192.168.50.1,53,udp,0.0,91,,0
192.168.50.154,55185,192.168.50.1,53,udp,0.0,88,,0
192.168.50.154,55243,192.168.50.1,53,udp,0.0,94,,0
192.168.50.154,55252,192.168.50.1,53,udp,0.0,88,,0
192.168.50.154,55280,100.51.143.210,443,tcp,60.177876710891724,4204,,0
192.168.50.154,55305,192.168.50.1,53,udp,0.0,78,,0
192.168.50.154,55326,13.107.5.93,443,tcp,90.22288179397583,5903,,0
192.168.50.154,55391,192.168.50.1,53,udp,0.0,78,,0
192.168.50.154,55433,142.251.35.142,443,udp,0.11727762222290039,7376,,0
192.168.50.154,55473,192.168.50.1,53,udp,0.0,77,,0
192.168.50.154,55492,192.168.50.1,53,udp,0.0,92,,0
192.168.50.154,55537,192.168.50.1,53,udp,0.0,74,,0
192.168.50.154,55565,192.168.50.1,53,udp,0.0,77,,0
192.168.50.154,55569,192.168.50.1,53,udp,0.0,91,,0
192.168.50.154,55595,192.168.50.1,53,udp,0.0,95,,0
192.168.50.154,55700,142.251.46.142,443,udp,0.10677385330200195,6081,,0
192.168.50.154,55771,192.168.50.1,53,udp,0.0,94,,0
192.168.50.154,55905,192.168.50.1,53,udp,0.0,70,,0
192.168.50.154,55957,192.168.50.1,53,udp,0.0,92,,0
192.168.50.154,55958,239.255.255.250,1900,udp,3.019321918487549,848,,0
192.168.50.154,55959,239.255.255.250,1900,udp,3.0195906162261963,848,,0
192.168.50.154,56027,192.168.50.1,53,udp,0.0,92,,0
192.168.50.154,56195,192.168.50.1,53,udp,0.0,79,,0
192.168.50.154,56198,192.168.50.1,53,udp,0.0,91,,0
192.168.50.154,56199,192.168.50.1,53,udp,0.0,79,,0
192.168.50.154,56518,192.168.50.1,53,udp,0.0,81,,0
192.168.50.154,56645,13.226.251.118,443,tcp,309.33543491363525,709,,0
192.168.50.154,56647,192.168.50.1,53,udp,0.0,77,,0
192.168.50.154,56673,192.168.50.1,53,udp,0.0,90,,0
192.168.50.154,56681,192.168.50.1,53,udp,0.0,79,,0
192.168.50.154,56684,192.168.50.1,53,udp,0.0,88,,0
192.168.50.154,56712,52.45.124.68,443,tcp,60.19002032279968,5107,,0
192.168.50.154,56776,192.168.50.1,53,udp,0.0,78,,0
192.168.50.154,56779,192.168.50.1,53,udp,0.0,88,,0
192.168.50.154,56942,192.168.50.1,53,udp,0.0,90,,0
192.168.50.154,56947,54.196.142.140,443,tcp,45.27769589424133,9310,,0
192.168.50.154,56981,192.168.50.1,53,udp,0.0,79,,0
192.168.50.154,56983,192.168.50.1,53,udp,0.0,76,,0
192.168.50.154,56989,192.168.50.1,53,udp,0.0,74,,0
192.168.50.154,57028,192.168.50.1,53,udp,11.009689331054688,366,,0
192.168.50.154,57041,192.168.50.1,53,udp,0.0,92,,0
192.168.50.154,57079,192.168.50.1,53,udp,0.0,94,,0
192.168.50.154,57118,142.250.188.42,443,udp,0.10290384292602539,3693,,0
192.168.50.154,57122,192.168.50.1,53,udp,0.0,79,,0
192.168.50.154,57145,192.168.50.1,53,udp,0.0,97,,0
192.168.50.154,57152,192.168.50.1,53,udp,0.0,95,,0
192.168.50.154,57153,192.168.50.1,53,udp,0.0,79,,0
192.168.50.154,57273,192.168.50.1,53,udp,0.0,79,,0
192.168.50.154,57365,192.168.50.1,53,udp,0.0,77,,0
192.168.50.154,57398,142.250.188.42,443,udp,0.11005330085754395,4989,,0
192.168.50.154,57399,239.255.255.250,1900,udp,3.0297353267669678,848,,0
192.168.50.154,57400,239.255.255.250,1900,udp,3.0289387702941895,848,,0
192.168.50.154,57401,192.168.50.1,53,udp,0.0,95,,0
192.168.50.154,57585,34.217.157.148,443,tcp,10.127084970474243,4117,,0
192.168.50.154,57659,192.168.50.1,53,udp,0.0,91,,0
192.168.50.154,57717,192.168.50.1,53,udp,0.0,79,,0
192.168.50.154,57801,192.168.50.1,53,udp,0.0,94,,0
192.168.50.154,57835,192.168.50.1,53,udp,0.0,78,,0
192.168.50.154,57836,239.255.255.250,1900,udp,3.0273091793060303,848,,0
192.168.50.154,57837,239.255.255.250,1900,udp,3.0276691913604736,848,,0
192.168.50.154,57857,142.251.46.142,443,udp,0.08368086814880371,7372,,0
192.168.50.154,57916,192.168.50.1,53,udp,0.0,79,,0
192.168.50.154,58013,192.168.50.1,53,udp,0.0,87,,0
192.168.50.154,58029,192.168.50.1,53,udp,0.0,80,,0
192.168.50.154,58048,192.168.50.1,53,udp,0.0,74,,0
192.168.50.154,58059,192.168.50.1,53,udp,0.0,78,,0
192.168.50.154,58096,192.168.50.1,53,udp,0.0,80,,0
192.168.50.154,58132,192.168.50.1,53,udp,0.0,77,,0
192.168.50.154,58132,74.125.69.84,443,udp,0.2731356620788574,9046,,0
192.168.50.154,58170,52.6.27.13,443,tcp,0.24440336227416992,5261,,0
192.168.50.154,58222,142.251.46.132,443,udp,0.056601762771606445,4259,,0
192.168.50.154,58354,142.250.72.206,443,udp,0.0871732234954834,6077,,0
192.168.50.154,58413,192.168.50.1,53,udp,0.0,90,,0
192.168.50.154,58498,192.168.50.1,53,udp,0.0,88,,0
192.168.50.154,58543,192.168.50.1,53,udp,0.0,76,,0
192.168.50.154,58555,3.232.205.150,443,tcp,60.1884503364563,4172,,0
192.168.50.154,58556,23.222.27.67,443,tcp,0.09668469429016113,1435,,0
192.168.50.154,58602,192.168.50.1,53,udp,0.0,94,,0
192.168.50.154,58643,192.168.50.1,53,udp,5.399056911468506,334,,0
192.168.50.154,58757,192.168.50.1,53,udp,0.0,92,,0
192.168.50.154,58801,192.168.50.1,53,udp,0.0,92,,0
192.168.50.154,58802,239.255.255.250,1900,udp,3.029039144515991,848,,0
192.168.50.154,58803,239.255.255.250,1900,udp,3.0276267528533936,848,,0
192.168.50.154,58860,216.239.36.223,443,udp,0.07540392875671387,5899,,0
192.168.50.154,58894,192.168.50.1,53,udp,0.0,77,,0
192.168.50.154,58902,192.168.50.1,53,udp,0.0,92,,0
192.168.50.154,58910,100.50.53.81,443,tcp,60.338775396347046,5175,,0
192.168.50.154,58911,20.189.173.27,443,tcp,110.04315638542175,2209,,0
192.168.50.154,58912,104.208.16.88,443,tcp,109.82623171806335,2329,,0
192.168.50.154,58913,52.123.249.42,443,tcp,75.0401554107666,1392,,0
192.168.50.154,58914,20.190.190.194,443,tcp,0.32555341720581055,5625,,0
192.168.50.154,58915,4.209.250.170,443,tcp,1.381683111190796,32389,,0
192.168.50.154,58916,52.168.112.67,443,tcp,0.4297807216644287,4011,,0
192.168.50.154,58917,23.222.27.67,443,tcp,0.09067177772521973,1489,,0
192.168.50.154,58918,23.194.127.237,80,tcp,30.50491714477539,958,,0
192.168.50.154,58919,199.232.67.52,443,tcp,30.38630199432373,1988,,0
192.168.50.154,58920,52.182.141.63,443,tcp,110.04320955276489,19368,,0
192.168.50.154,58940,192.168.50.1,53,udp,0.0,92,,0
192.168.50.154,58952,142.251.183.188,5228,tcp,1394.7844324111938,1918,,0
192.168.50.154,59073,192.168.50.1,53,udp,0.0,91,,0
192.168.50.154,59089,192.168.50.1,53,udp,1.5642423629760742,179,,0
192.168.50.154,59097,192.168.50.1,53,udp,0.0,92,,0
192.168.50.154,59116,192.168.50.1,53,udp,0.0,94,,0
192.168.50.154,59138,192.168.50.1,53,udp,0.0,94,,0
192.168.50.154,59275,192.168.50.1,53,udp,0.0,95,,0
192.168.50.154,59446,192.168.50.1,53,udp,0.0,82,,0
192.168.50.154,59532,192.168.50.1,53,udp,0.0,92,,0
192.168.50.154,59631,173.194.206.84,443,udp,0.19867324829101562,7753,,0
192.168.50.154,59642,23.38.100.134,443,tcp,98.3179783821106,3555,,0
192.168.50.154,59643,20.190.151.133,443,tcp,0.4243459701538086,9684,,0
192.168.50.154,59644,20.190.151.133,443,tcp,0.4247875213623047,1218,,0
192.168.50.154,59645,20.190.151.133,443,tcp,0.4395177364349365,5640,,0
192.168.50.154,59660,192.168.50.1,53,udp,0.0,88,,0
192.168.50.154,59709,192.168.50.1,53,udp,0.0,95,,0
192.168.50.154,59847,142.251.46.132,443,udp,0.054738521575927734,4266,,0
192.168.50.154,59912,54.147.86.77,443,tcp,0.00031065940856933594,108,,0
192.168.50.154,59914,192.168.50.1,53,udp,0.0,77,,0
192.168.50.154,59915,192.168.50.1,53,udp,0.0,79,,0
192.168.50.154,59956,192.168.50.1,53,udp,0.0,79,,0
192.168.50.154,59960,192.168.50.1,53,udp,2.191542148590088,174,,0
192.168.50.154,60004,192.168.50.1,53,udp,0.0,79,,0
192.168.50.154,60030,140.82.114.5,443,tcp,30.325387239456177,3289,,0
192.168.50.154,60096,192.168.50.1,53,udp,0.0,92,,0
192.168.50.154,60148,192.168.50.1,53,udp,0.0,79,,0
192.168.50.154,60207,192.168.50.1,53,udp,0.0,77,,0
192.168.50.154,60227,192.168.50.1,53,udp,0.0,94,,0
192.168.50.154,60251,192.168.50.1,53,udp,0.0,74,,0
192.168.50.154,60282,216.239.34.223,443,udp,0.08242511749267578,4607,,0
192.168.50.154,60497,142.250.72.202,443,udp,0.09628009796142578,5071,,0
192.168.50.154,60498,239.255.255.250,1900,udp,3.0282936096191406,848,,0
192.168.50.154,60499,239.255.255.250,1900,udp,3.0294547080993652,848,,0
192.168.50.154,60551,192.168.50.1,53,udp,0.0,90,,0
192.168.50.154,60592,192.168.50.1,53,udp,0.0,85,,0
192.168.50.154,60633,192.168.50.1,53,udp,13.182108640670776,191,,0
192.168.50.154,60735,192.168.50.1,53,udp,0.0,95,,0
192.168.50.154,60752,74.125.201.84,443,udp,0.23179268836975098,7751,,0
192.168.50.154,60777,52.123.249.54,443,udp,0.27441906929016113,4705,,0
192.168.50.154,60790,3.209.195.35,443,tcp,60.1941077709198,4509,,0
192.168.50.154,60793,140.82.112.3,443,tcp,0.41657590866088867,2020,,0
192.168.50.154,60796,140.82.112.3,443,tcp,0.354020357131958,1936,,0
192.168.50.154,60876,192.168.50.1,53,udp,0.0,79,,0
192.168.50.154,60884,192.168.50.1,53,udp,5.481641054153442,352,,0
192.168.50.154,60885,239.255.255.250,1900,udp,3.02911376953125,848,,0
192.168.50.154,60886,239.255.255.250,1900,udp,3.013272762298584,848,,0
192.168.50.154,60901,192.168.50.1,53,udp,0.0,74,,0
192.168.50.154,60929,192.168.50.1,53,udp,0.0,74,,0
192.168.50.154,60946,192.168.50.1,53,udp,0.0,95,,0
192.168.50.154,61005,44.205.116.251,443,tcp,60.183268785476685,9244,,0
192.168.50.154,61044,44.199.130.77,443,tcp,60.18798589706421,4118,,0
192.168.50.154,61104,192.168.50.1,53,udp,0.0,76,,0
192.168.50.154,61165,192.168.50.1,53,udp,0.0,87,,0
192.168.50.154,61246,13.69.116.105,443,tcp,45.14978766441345,110,,0
192.168.50.154,61251,142.250.72.206,80,tcp,100.09952235221863,1681,,0
192.168.50.154,61266,192.168.50.1,53,udp,0.0,94,,0
192.168.50.154,61321,192.168.50.1,53,udp,0.0,94,,0
192.168.50.154,61516,216.239.38.223,443,udp,0.08866548538208008,5897,,0
192.168.50.154,61581,192.168.50.1,53,udp,0.0,91,,0
192.168.50.154,61595,192.168.50.1,53,udp,0.0,77,,0
192.168.50.154,61689,23.38.100.175,443,tcp,369.7342104911804,3667,,0
192.168.50.154,61740,192.168.50.1,53,udp,0.0,92,,0
192.168.50.154,61860,150.171.109.226,443,tcp,90.10607409477234,6065,,0
192.168.50.154,61865,192.168.50.1,53,udp,14.835121154785156,183,,0
192.168.50.154,61884,192.168.50.1,53,udp,0.0,74,,0
192.168.50.154,61903,192.168.50.1,53,udp,0.0,88,,0
192.168.50.154,62008,192.168.50.1,53,udp,0.0,78,,0
192.168.50.154,62026,150.171.109.225,443,tcp,90.1623387336731,4211,,0
192.168.50.154,62027,40.79.150.123,443,tcp,75.1510226726532,10386,,0
192.168.50.154,62028,204.79.197.203,80,tcp,0.043425798416137695,479,,0
192.168.50.154,62029,23.215.223.150,80,tcp,62.55561900138855,624,,0
192.168.50.154,62030,142.251.46.131,80,tcp,60.46509623527527,846,,0
192.168.50.154,62031,23.15.253.120,80,tcp,60.41890907287598,563,,0
192.168.50.154,62032,23.15.253.120,80,tcp,60.3232524394989,563,,0
192.168.50.154,62033,23.45.123.16,80,tcp,60.22803616523743,563,,0
192.168.50.154,62034,23.215.223.150,80,tcp,60.15219449996948,624,,0
192.168.50.154,62035,17.253.23.202,80,tcp,60.052783250808716,590,,0
192.168.50.154,62036,18.238.136.74,443,tcp,100.09946846961975,911,,0
192.168.50.154,62037,13.226.251.57,443,tcp,100.29062724113464,2722,,0
192.168.50.154,62047,192.168.50.1,53,udp,0.0,74,,0
192.168.50.154,62084,192.168.50.1,53,udp,0.0,95,,0
192.168.50.154,62120,140.82.114.5,443,tcp,30.332593202590942,3281,,0
192.168.50.154,62121,18.238.136.87,443,tcp,0.1209418773651123,862,,0
192.168.50.154,62122,18.238.136.87,443,tcp,100.08250617980957,889,,0
192.168.50.154,62123,23.222.27.55,443,tcp,0.14539098739624023,1435,,0
192.168.50.154,62142,192.168.50.1,53,udp,0.0,77,,0
192.168.50.154,62314,52.0.185.31,443,tcp,60.257468700408936,21240,,0
192.168.50.154,62333,140.82.113.25,443,tcp,1142.2816715240479,6210,,0
192.168.50.154,62376,192.168.50.1,53,udp,0.0,88,,0
192.168.50.154,62493,192.168.50.1,53,udp,0.0,79,,0
192.168.50.154,62595,192.168.50.1,53,udp,0.0,88,,0
192.168.50.154,62710,192.168.50.1,53,udp,0.0,87,,0
192.168.50.154,62770,192.168.50.1,53,udp,0.0,74,,0
192.168.50.154,62772,192.168.50.1,53,udp,0.0,79,,0
192.168.50.154,62793,192.168.50.1,53,udp,0.0,92,,0
192.168.50.154,62822,142.250.188.42,443,udp,0.11816668510437012,6084,,0
192.168.50.154,62849,192.168.50.1,53,udp,0.0,92,,0
192.168.50.154,62850,239.255.255.250,1900,udp,3.025830030441284,848,,0
192.168.50.154,62851,239.255.255.250,1900,udp,3.0254950523376465,848,,0
192.168.50.154,62887,216.239.38.223,443,udp,0.08055281639099121,4607,,0
192.168.50.154,62909,150.171.109.227,443,tcp,90.17183709144592,4341,,0
192.168.50.154,62933,192.168.50.1,53,udp,0.0,94,,0
192.168.50.154,62959,192.168.50.1,53,udp,0.0,77,,0
192.168.50.154,62988,192.168.50.1,53,udp,0.0,94,,0
192.168.50.154,62992,192.168.50.1,53,udp,0.0,92,,0
192.168.50.154,63001,192.168.50.1,53,udp,0.0,94,,0
192.168.50.154,63030,216.239.34.223,443,udp,0.07687020301818848,4608,,0
192.168.50.154,63192,192.168.50.1,53,udp,0.0,90,,0
192.168.50.154,63243,192.168.50.1,53,udp,0.019819974899291992,194,,0
192.168.50.154,63306,192.168.50.1,53,udp,0.0,79,,0
192.168.50.154,63332,54.172.111.81,443,tcp,60.20757079124451,4004,,0
192.168.50.154,63494,192.168.50.1,53,udp,0.0,85,,0
192.168.50.154,63508,216.239.36.223,443,udp,0.08598875999450684,5979,,0
192.168.50.154,63510,192.168.50.1,53,udp,0.0,95,,0
192.168.50.154,63540,192.168.50.1,53,udp,0.0,79,,0
192.168.50.154,63542,192.168.50.1,53,udp,0.0,74,,0
192.168.50.154,63589,192.168.50.1,53,udp,0.0,76,,0
192.168.50.154,63706,192.168.50.1,53,udp,0.0,74,,0
192.168.50.154,63716,140.82.112.25,443,tcp,2.2677621841430664,3336,,0
192.168.50.154,63734,142.250.72.206,443,udp,0.11015439033508301,7449,,0
192.168.50.154,63758,192.168.50.1,53,udp,0.0,88,,0
192.168.50.154,63799,192.168.50.1,53,udp,0.0,77,,0
192.168.50.154,63824,150.171.109.226,443,tcp,90.1344473361969,4296,,0
192.168.50.154,63825,13.107.5.93,443,tcp,4.59719443321228,3262,,0
192.168.50.154,63879,13.226.251.57,443,tcp,240.07600569725037,3577,,0
192.168.50.154,63889,192.168.50.1,53,udp,0.0,95,,0
192.168.50.154,63918,100.50.53.81,443,tcp,45.28045630455017,4128,,0
192.168.50.154,63924,192.168.50.1,53,udp,0.0,74,,0
192.168.50.154,64035,192.168.50.1,53,udp,0.0,79,,0
192.168.50.154,64150,192.168.50.1,53,udp,0.0,91,,0
192.168.50.154,64271,192.168.50.1,53,udp,0.0,76,,0
192.168.50.154,64290,192.168.50.1,53,udp,0.0,79,,0
192.168.50.154,64374,142.251.46.142,443,udp,0.12111282348632812,7690,,0
192.168.50.154,64512,192.168.50.1,53,udp,0.0,95,,0
192.168.50.154,64521,98.87.77.198,443,tcp,60.19632339477539,6720,,0
192.168.50.154,64522,72.153.5.138,443,tcp,110.05217671394348,2090,,0
192.168.50.154,64523,72.153.5.61,443,tcp,68.03024220466614,2074,,0
192.168.50.154,64524,72.153.5.63,443,tcp,110.04846930503845,2130,,0
192.168.50.154,64525,72.153.5.133,443,tcp,110.04807543754578,2139,,0
192.168.50.154,64526,23.222.27.67,443,tcp,0.26577329635620117,1447,,0
192.168.50.154,64567,192.168.50.1,53,udp,0.0,91,,0
192.168.50.154,64645,216.239.34.223,443,udp,0.08152151107788086,4605,,0
192.168.50.154,64864,52.207.8.92,443,tcp,60.676119565963745,9307,,0
192.168.50.154,64951,192.168.50.1,53,udp,0.0,90,,0
192.168.50.154,64959,13.226.251.64,443,tcp,90.19520473480225,3240,,0
192.168.50.154,64960,20.42.65.85,443,tcp,0.6495552062988281,36999,,0
192.168.50.154,64961,51.11.168.232,443,tcp,0.8679547309875488,6255,,0
192.168.50.154,64962,20.42.72.131,443,tcp,0.5371360778808594,13468,,0
192.168.50.154,64963,20.42.72.131,443,tcp,0.9868414402008057,13350,,0
192.168.50.154,64969,142.250.188.42,443,udp,1044.1323881149292,19234,,0
192.168.50.154,65002,192.168.50.1,53,udp,0.0,94,,0
192.168.50.154,65003,239.255.255.250,1900,udp,3.0226378440856934,848,,0
192.168.50.154,65004,239.255.255.250,1900,udp,3.0227062702178955,848,,0
192.168.50.154,65041,192.168.50.1,53,udp,0.0,92,,0
192.168.50.154,65069,192.168.50.1,53,udp,0.5901021957397461,155,,0
192.168.50.154,65090,192.168.50.1,53,udp,0.0,76,,0
192.168.50.154,65106,192.168.50.1,53,udp,952.7982754707336,599,,0
192.168.50.154,65108,140.82.112.25,443,tcp,60.21342587471008,3527,,0
192.168.50.154,65109,18.238.136.74,443,tcp,0.1255500316619873,803,,0
192.168.50.154,65114,150.171.109.226,443,tcp,90.13065075874329,4763,,0
192.168.50.154,65115,23.194.127.236,80,tcp,30.302711248397827,664,,0
192.168.50.154,65116,23.194.127.236,80,tcp,30.30270290374756,614,,0
192.168.50.154,65137,23.38.100.175,443,tcp,181.4084348678589,383,,0
192.168.50.154,65194,142.250.188.35,443,tcp,52.57343053817749,218,,0
192.168.50.154,65211,192.168.50.1,53,udp,0.0,95,,0
192.168.50.154,65231,140.82.114.6,443,tcp,0.060909271240234375,108,,0
192.168.50.154,65243,192.168.50.1,53,udp,0.0,88,,0
192.168.50.154,65310,142.251.46.132,443,udp,0.0725548267364502,2932,,0
192.168.50.154,65311,239.255.255.250,1900,udp,3.0321226119995117,848,,0
192.168.50.154,65312,239.255.255.250,1900,udp,3.0330517292022705,848,,0
192.168.50.154,65314,140.82.114.5,443,tcp,30.340619325637817,3151,,0
192.168.50.154,65491,192.168.50.1,53,udp,0.0,95,,0
192.178.212.84,443,192.168.50.154,51893,udp,0.1980133056640625,8041,,0
199.232.67.52,443,192.168.50.154,58919,tcp,30.370600700378418,4821,,0
20.189.173.27,443,192.168.50.154,58911,tcp,109.99799013137817,7519,,0
20.189.173.9,443,192.168.50.154,51353,tcp,109.99147033691406,7465,,0
20.190.151.131,443,192.168.50.154,54907,tcp,0.33481836318969727,10325,,0
20.190.151.131,443,192.168.50.154,54908,tcp,0.2357008457183838,4958,,0
20.190.151.131,443,192.168.50.154,54909,tcp,0.2897164821624756,6812,,0
20.190.151.133,443,192.168.50.154,59643,tcp,0.32934093475341797,10273,,0
20.190.151.133,443,192.168.50.154,59644,tcp,0.23306846618652344,4958,,0
20.190.151.133,443,192.168.50.154,59645,tcp,0.33174586296081543,8936,,0
20.190.190.194,443,192.168.50.154,58914,tcp,0.24514341354370117,6814,,0
20.42.65.85,443,192.168.50.154,64960,tcp,0.5855586528778076,6203,,0
20.42.72.131,443,192.168.50.154,52311,tcp,105.09641647338867,8251,,0
20.42.72.131,443,192.168.50.154,64962,tcp,0.5372555255889893,5927,,0
20.42.72.131,443,192.168.50.154,64963,tcp,0.9902558326721191,5926,,0
20.42.73.31,443,192.168.50.154,54910,tcp,0.4091062545776367,5392,,0
20.59.87.225,443,192.168.50.154,49704,tcp,1123.116066455841,553,,0
204.79.197.203,80,192.168.50.154,62028,tcp,66.79774475097656,2629,,0
216.239.32.223,443,192.168.50.154,52862,udp,0.1072244644165039,6115,,0
216.239.34.223,443,192.168.50.154,51510,udp,0.09292840957641602,6064,,0
216.239.34.223,443,192.168.50.154,60282,udp,0.09507322311401367,4874,,0
216.239.34.223,443,192.168.50.154,63030,udp,0.13225340843200684,4751,,0
216.239.34.223,443,192.168.50.154,64645,udp,0.09845709800720215,4701,,0
216.239.36.223,443,192.168.50.154,58860,udp,0.10002779960632324,6075,,0
216.239.36.223,443,192.168.50.154,63508,udp,0.06379342079162598,6159,,0
216.239.38.223,443,192.168.50.154,61516,udp,0.10042214393615723,6060,,0
216.239.38.223,443,192.168.50.154,62887,udp,0.08534622192382812,4773,,0
23.15.253.120,80,192.168.50.154,62031,tcp,60.386481285095215,491,,0
23.15.253.120,80,192.168.50.154,62032,tcp,60.29086112976074,491,,0
23.194.127.236,80,192.168.50.154,65115,tcp,30.286644220352173,10037,,0
23.194.127.236,80,192.168.50.154,65116,tcp,30.286622762680054,1388,,0
23.194.127.237,80,192.168.50.154,58918,tcp,30.485730171203613,2686,,0
23.215.223.150,80,192.168.50.154,62029,tcp,62.52928590774536,496,,0
23.215.223.150,80,192.168.50.154,62034,tcp,60.13679361343384,496,,0
23.217.9.21,0,192.168.50.154,0,udp,0.0,106,,0
23.222.27.55,443,192.168.50.154,62123,tcp,0.11593103408813477,7144,,0
23.222.27.67,443,192.168.50.154,50953,tcp,0.0847926139831543,7025,,0
23.222.27.67,443,192.168.50.154,58556,tcp,0.08220529556274414,7024,,0
23.222.27.67,443,192.168.50.154,58917,tcp,0.07358551025390625,7026,,0
23.222.27.67,443,192.168.50.154,64526,tcp,0.2523369789123535,8111,,0
23.38.100.134,443,192.168.50.154,53832,tcp,302.5528473854065,1873,,0
23.38.100.134,443,192.168.50.154,59642,tcp,98.2956109046936,31081,,0
23.38.100.175,443,192.168.50.154,61689,tcp,369.7198872566223,2113,,0
23.38.100.175,443,192.168.50.154,65137,tcp,181.39337062835693,462,,0
23.45.123.16,80,192.168.50.154,62033,tcp,60.210472106933594,491,,0
3.169.202.104,443,192.168.50.154,51792,tcp,0.08291316032409668,2497,,0
3.169.202.123,443,192.168.50.154,50956,tcp,101.51719737052917,1655,,0
3.169.202.123,443,192.168.50.154,54525,tcp,100.07629942893982,1042,,0
3.169.202.71,443,192.168.50.154,51344,tcp,100.08213829994202,1042,,0
3.209.195.35,443,192.168.50.154,60790,tcp,60.194591760635376,6011,,0
3.210.243.234,443,192.168.50.154,50076,tcp,60.16934895515442,8221,,0
3.232.205.150,443,192.168.50.154,58555,tcp,60.18599271774292,5931,,0
34.200.163.181,443,192.168.50.154,52212,tcp,60.209139823913574,5999,,0
34.206.19.51,443,192.168.50.154,50955,tcp,65.66563725471497,6064,,0
34.217.157.148,443,192.168.50.154,57585,tcp,10.12978720664978,4769,,0
35.160.8.114,443,192.168.50.154,49606,tcp,10.137769222259521,4606,,0
4.209.250.170,443,192.168.50.154,58915,tcp,1.2573070526123047,6659,,0
40.79.150.123,443,192.168.50.154,62027,tcp,75.00372529029846,6395,,0
44.199.130.77,443,192.168.50.154,61044,tcp,60.18179154396057,6009,,0
44.205.116.251,443,192.168.50.154,61005,tcp,60.183724880218506,8287,,0
50.230.127.58,0,192.168.50.154,0,udp,0.0,70,,0
51.11.168.232,443,192.168.50.154,64961,tcp,0.7321410179138184,4999,,0
52.0.185.31,443,192.168.50.154,62314,tcp,60.255879640579224,9551,,0
52.123.249.42,443,192.168.50.154,58913,tcp,75.00696969032288,8451,,0
52.123.249.54,443,192.168.50.154,53647,tcp,1081.062442779541,8329,,0
52.123.249.54,443,192.168.50.154,60777,udp,0.2132270336151123,12198,,0
52.168.112.67,443,192.168.50.154,58916,tcp,0.36301541328430176,5434,,0
52.182.141.63,443,192.168.50.154,58920,tcp,110.00585699081421,9631,,0
52.183.220.149,443,192.168.50.154,51351,tcp,0.25197339057922363,4973,,0
52.183.220.149,443,192.168.50.154,51352,tcp,0.24149394035339355,4888,,0
52.207.8.92,443,192.168.50.154,64864,tcp,60.68026566505432,8263,,0
52.45.124.68,443,192.168.50.154,56712,tcp,60.188761949539185,5999,,0
52.45.43.41,443,192.168.50.154,52781,tcp,60.178627252578735,7993,,0
52.6.27.13,443,192.168.50.154,51719,tcp,60.20075535774231,6053,,0
52.6.27.13,443,192.168.50.154,58170,tcp,0.2067265510559082,5600,,0
54.147.86.77,443,192.168.50.154,59912,tcp,0.06672430038452148,293,,0
54.172.111.81,443,192.168.50.154,63332,tcp,60.20945072174072,7994,,0
54.174.203.15,443,192.168.50.154,53567,tcp,60.21029472351074,5999,,0
54.196.142.140,443,192.168.50.154,56947,tcp,45.278114557266235,8042,,0
54.92.131.24,443,192.168.50.154,54524,tcp,65.59848403930664,6018,,0
67.202.28.94,443,192.168.50.154,50952,tcp,60.17454481124878,5877,,0
72.153.5.133,443,192.168.50.154,64525,tcp,109.98416066169739,5126,,0
72.153.5.138,443,192.168.50.154,64522,tcp,109.9934823513031,3613,,0
72.153.5.61,443,192.168.50.154,64523,tcp,67.97149682044983,3558,,0
72.153.5.63,443,192.168.50.154,64524,tcp,109.98414373397827,5193,,0
74.125.201.84,443,192.168.50.154,60752,udp,0.20046114921569824,8111,,0
74.125.69.84,443,192.168.50.154,58132,udp,0.21381020545959473,9467,,0
96.216.147.13,0,192.168.50.154,0,udp,0.0,110,,0
96.217.60.249,0,192.168.50.154,0,udp,0.0,134,,0
98.87.77.198,443,192.168.50.154,64521,tcp,60.18687200546265,6053,,0
