107.22.219.60,443,192.168.50.154,53264,tcp,60.190232038497925,6011,,0
107.22.230.248,443,192.168.50.154,58504,tcp,0.05359387397766113,293,,0
108.156.201.18,443,192.168.50.154,57740,tcp,135.34037160873413,22075,,0
13.107.253.66,80,192.168.50.154,57433,tcp,0.05849170684814453,4293,,0
13.107.253.66,80,192.168.50.154,57434,tcp,0.0635368824005127,2548,,0
13.107.253.66,80,192.168.50.154,57854,tcp,0.04848766326904297,2517,,0
13.107.253.66,80,192.168.50.154,57855,tcp,0.04833674430847168,2534,,0
13.107.253.66,80,192.168.50.154,57856,tcp,0.053553104400634766,3489,,0
13.107.253.66,80,192.168.50.154,57857,tcp,0.06135296821594238,2877,,0
13.107.253.66,80,192.168.50.154,57858,tcp,0.04423213005065918,2438,,0
13.107.253.66,80,192.168.50.154,57859,tcp,0.06785058975219727,2423,,0
13.107.253.66,80,192.168.50.154,57860,tcp,0.0674281120300293,2693,,0
13.107.253.66,80,192.168.50.154,57861,tcp,0.06766629219055176,2880,,0
13.107.253.66,80,192.168.50.154,57862,tcp,0.0755307674407959,2690,,0
13.107.253.66,80,192.168.50.154,62761,tcp,0.0586695671081543,2760,,0
13.107.5.93,443,192.168.50.154,57275,tcp,4.577759742736816,13021,,0
13.226.251.35,443,192.168.50.154,49216,tcp,59.91607069969177,333,,0
13.226.251.5,443,192.168.50.154,55982,tcp,220.27055954933167,2700,,0
13.226.251.57,443,192.168.50.154,62927,tcp,135.15955758094788,2580,,0
13.226.251.64,443,192.168.50.154,64959,tcp,59.92126536369324,333,,0
140.82.112.25,443,192.168.50.154,54906,tcp,600.0011079311371,2066,,0
140.82.112.25,443,192.168.50.154,65108,tcp,600.0016729831696,2063,,0
140.82.113.6,443,192.168.50.154,51719,tcp,30.304245471954346,5296,,0
140.82.114.5,443,192.168.50.154,49176,tcp,30.271103382110596,5222,,0
142.250.188.42,443,192.168.50.154,54760,tcp,240.10091876983643,7763,,0
142.250.188.42,443,192.168.50.154,64969,udp,407.0209481716156,7187,,0
142.250.188.46,443,192.168.50.154,51155,udp,0.07235836982727051,7727,,0
142.250.188.46,443,192.168.50.154,56580,udp,0.07750272750854492,7694,,0
142.250.72.195,443,192.168.50.154,53243,udp,17.05088973045349,5413,,0
142.250.72.195,443,192.168.50.154,62593,udp,0.06694245338439941,757,,0
142.251.183.188,5228,192.168.50.154,58952,tcp,584.8626120090485,992,,0
142.251.183.84,443,192.168.50.154,63514,udp,0.2523534297943115,8032,,0
142.251.35.131,443,192.168.50.154,53396,tcp,0.0,54,,0
142.251.35.138,443,192.168.50.154,61939,udp,0.07622647285461426,6115,,0
142.251.46.138,443,192.168.50.154,59160,udp,0.07589149475097656,6286,,0
142.251.46.138,443,192.168.50.154,60390,udp,180.93113589286804,8624,,0
142.251.46.142,443,192.168.50.154,57689,udp,0.09267377853393555,7790,,0
142.251.46.142,443,192.168.50.154,61015,udp,0.06228470802307129,7678,,0
142.251.46.142,443,192.168.50.154,64767,udp,0.06310629844665527,7778,,0
150.171.109.225,80,192.168.50.154,53957,tcp,0.02721095085144043,1930,,0
150.171.109.225,80,192.168.50.154,53958,tcp,0.04849100112915039,4095,,0
150.171.109.225,80,192.168.50.154,53959,tcp,0.04413414001464844,2361,,0
150.171.109.225,80,192.168.50.154,53960,tcp,0.07253575325012207,4627,,0
150.171.109.225,80,192.168.50.154,53961,tcp,0.044913530349731445,3349,,0
150.171.109.225,80,192.168.50.154,53962,tcp,0.04708361625671387,2015,,0
150.171.109.225,80,192.168.50.154,53963,tcp,0.05267834663391113,3318,,0
150.171.109.225,80,192.168.50.154,53964,tcp,0.03738236427307129,1600,,0
150.171.109.225,80,192.168.50.154,53965,tcp,0.04271507263183594,2965,,0
150.171.109.225,80,192.168.50.154,53966,tcp,0.07010364532470703,2810,,0
150.171.109.225,80,192.168.50.154,53967,tcp,0.034738779067993164,1279,,0
150.171.109.225,80,192.168.50.154,53968,tcp,0.040476322174072266,2796,,0
150.171.109.225,80,192.168.50.154,53969,tcp,0.04125356674194336,1877,,0
150.171.109.225,80,192.168.50.154,53970,tcp,0.03941774368286133,2248,,0
150.171.109.225,80,192.168.50.154,53971,tcp,0.043061017990112305,3167,,0
150.171.109.225,80,192.168.50.154,53972,tcp,0.05031251907348633,2972,,0
150.171.109.225,80,192.168.50.154,53973,tcp,0.0682220458984375,2871,,0
150.171.109.225,80,192.168.50.154,53974,tcp,0.17632651329040527,5332,,0
150.171.109.225,80,192.168.50.154,53975,tcp,0.07797670364379883,2763,,0
150.171.109.225,80,192.168.50.154,53976,tcp,0.04537773132324219,1891,,0
150.171.109.225,80,192.168.50.154,53977,tcp,0.09325671195983887,2580,,0
150.171.109.225,80,192.168.50.154,53978,tcp,0.060184478759765625,2665,,0
150.171.109.225,80,192.168.50.154,53979,tcp,0.05266284942626953,2614,,0
150.171.109.225,80,192.168.50.154,53980,tcp,0.1238710880279541,5499,,0
150.171.109.225,80,192.168.50.154,53981,tcp,0.11385965347290039,4146,,0
150.171.109.225,80,192.168.50.154,53982,tcp,0.06578874588012695,2307,,0
150.171.109.225,80,192.168.50.154,53983,tcp,0.04205751419067383,2587,,0
150.171.109.225,80,192.168.50.154,53984,tcp,0.043544769287109375,2517,,0
150.171.109.225,80,192.168.50.154,53985,tcp,0.045126914978027344,2866,,0
150.171.109.225,80,192.168.50.154,53986,tcp,0.0638124942779541,2811,,0
150.171.109.225,80,192.168.50.154,53987,tcp,0.049635887145996094,3678,,0
150.171.109.225,80,192.168.50.154,53988,tcp,0.042670488357543945,1304,,0
150.171.109.225,80,192.168.50.154,53989,tcp,0.04431605339050293,2165,,0
150.171.109.225,80,192.168.50.154,53990,tcp,0.0402376651763916,2958,,0
150.171.109.225,80,192.168.50.154,53991,tcp,0.05373644828796387,2489,,0
150.171.109.225,80,192.168.50.154,53992,tcp,0.06688332557678223,2311,,0
150.171.109.225,80,192.168.50.154,53993,tcp,0.0502011775970459,5600,,0
150.171.109.225,80,192.168.50.154,53994,tcp,0.05797719955444336,2189,,0
150.171.109.225,80,192.168.50.154,53995,tcp,0.09044981002807617,3446,,0
150.171.109.225,80,192.168.50.154,53996,tcp,0.08780026435852051,5566,,0
150.171.109.225,80,192.168.50.154,53997,tcp,0.03625917434692383,3322,,0
150.171.109.225,80,192.168.50.154,53998,tcp,0.0635075569152832,1650,,0
150.171.109.225,80,192.168.50.154,53999,tcp,0.0811152458190918,2912,,0
150.171.109.225,80,192.168.50.154,54000,tcp,0.04497694969177246,2605,,0
150.171.109.225,80,192.168.50.154,54001,tcp,0.04375481605529785,2499,,0
150.171.109.225,80,192.168.50.154,54002,tcp,0.03966236114501953,2444,,0
150.171.109.225,80,192.168.50.154,54003,tcp,0.07778310775756836,4141,,0
150.171.109.225,80,192.168.50.154,54004,tcp,0.10492753982543945,3427,,0
150.171.109.225,443,192.168.50.154,55642,tcp,119.97366762161255,48298,,0
150.171.109.225,443,192.168.50.154,58631,tcp,120.07137751579285,48305,,0
150.171.109.225,443,192.168.50.154,61378,tcp,119.97773718833923,48298,,0
150.171.109.226,80,192.168.50.154,54080,tcp,0.041471242904663086,2730,,0
150.171.109.226,80,192.168.50.154,54697,tcp,0.035948753356933594,2715,,0
150.171.109.226,80,192.168.50.154,54698,tcp,0.05098986625671387,2557,,0
150.171.109.226,80,192.168.50.154,54699,tcp,0.03819727897644043,2961,,0
150.171.109.226,80,192.168.50.154,54700,tcp,0.13349008560180664,4442,,0
150.171.109.226,80,192.168.50.154,54701,tcp,0.04287385940551758,4346,,0
150.171.109.226,80,192.168.50.154,54702,tcp,0.042144775390625,2406,,0
150.171.109.226,80,192.168.50.154,54703,tcp,0.064300537109375,1832,,0
150.171.109.226,80,192.168.50.154,54704,tcp,0.12105441093444824,7742,,0
150.171.109.226,80,192.168.50.154,54705,tcp,0.04246091842651367,2501,,0
150.171.109.226,80,192.168.50.154,54706,tcp,0.06390619277954102,3118,,0
150.171.109.226,80,192.168.50.154,54707,tcp,0.035570383071899414,1571,,0
150.171.109.226,80,192.168.50.154,54708,tcp,0.037924766540527344,2294,,0
150.171.109.226,80,192.168.50.154,54709,tcp,0.11232495307922363,4226,,0
150.171.109.226,80,192.168.50.154,54710,tcp,0.050539493560791016,2395,,0
150.171.109.226,80,192.168.50.154,54711,tcp,0.056841373443603516,2326,,0
150.171.109.226,80,192.168.50.154,54712,tcp,0.05727529525756836,3464,,0
150.171.109.226,80,192.168.50.154,54713,tcp,0.04107022285461426,1747,,0
150.171.109.226,80,192.168.50.154,54714,tcp,0.10180473327636719,3870,,0
150.171.109.226,80,192.168.50.154,54715,tcp,0.0509488582611084,3251,,0
150.171.109.226,80,192.168.50.154,54716,tcp,0.035948753356933594,1681,,0
150.171.109.226,80,192.168.50.154,54717,tcp,0.04676103591918945,1426,,0
150.171.109.226,80,192.168.50.154,54718,tcp,0.03487253189086914,1482,,0
150.171.109.226,80,192.168.50.154,54719,tcp,0.5045385360717773,4264,,0
150.171.109.226,80,192.168.50.154,54720,tcp,0.04704165458679199,1349,,0
150.171.109.226,80,192.168.50.154,54721,tcp,0.049004554748535156,1411,,0
150.171.109.226,80,192.168.50.154,54722,tcp,0.05948448181152344,1632,,0
150.171.109.226,80,192.168.50.154,54723,tcp,0.05661940574645996,3310,,0
150.171.109.226,80,192.168.50.154,54724,tcp,0.03758549690246582,1414,,0
150.171.109.226,80,192.168.50.154,54725,tcp,0.05248832702636719,2247,,0
150.171.109.226,80,192.168.50.154,54726,tcp,0.4033548831939697,5993,,0
150.171.109.226,80,192.168.50.154,54727,tcp,0.04909229278564453,1617,,0
150.171.109.226,80,192.168.50.154,54728,tcp,0.03959965705871582,2625,,0
150.171.109.226,80,192.168.50.154,54729,tcp,0.05249595642089844,2204,,0
150.171.109.226,80,192.168.50.154,54730,tcp,0.05773568153381348,2205,,0
150.171.109.226,80,192.168.50.154,54731,tcp,0.04140329360961914,3192,,0
150.171.109.226,80,192.168.50.154,54732,tcp,0.029751062393188477,1818,,0
150.171.109.226,80,192.168.50.154,54733,tcp,0.04174613952636719,1488,,0
150.171.109.226,80,192.168.50.154,54734,tcp,0.03926563262939453,3031,,0
150.171.109.226,80,192.168.50.154,54735,tcp,0.06516623497009277,4312,,0
150.171.109.226,80,192.168.50.154,54736,tcp,0.4085698127746582,3180,,0
150.171.109.226,80,192.168.50.154,54737,tcp,0.05602717399597168,2186,,0
150.171.109.226,80,192.168.50.154,54738,tcp,0.04972696304321289,1452,,0
150.171.109.226,80,192.168.50.154,54739,tcp,0.04273557662963867,2360,,0
150.171.109.226,80,192.168.50.154,54740,tcp,0.07182765007019043,3120,,0
150.171.109.226,80,192.168.50.154,54741,tcp,0.06330561637878418,3363,,0
150.171.109.226,80,192.168.50.154,54742,tcp,0.06290149688720703,3091,,0
150.171.109.226,80,192.168.50.154,54743,tcp,0.4086122512817383,4069,,0
150.171.109.226,80,192.168.50.154,54744,tcp,0.053572893142700195,2939,,0
150.171.109.226,80,192.168.50.154,54745,tcp,0.05302906036376953,2104,,0
150.171.109.226,80,192.168.50.154,54746,tcp,0.0717768669128418,3126,,0
150.171.109.226,80,192.168.50.154,54747,tcp,0.06319355964660645,1496,,0
150.171.109.226,80,192.168.50.154,54748,tcp,0.04946184158325195,1819,,0
150.171.109.226,80,192.168.50.154,54749,tcp,0.06364631652832031,1835,,0
150.171.109.226,80,192.168.50.154,54750,tcp,0.07155871391296387,1583,,0
150.171.109.226,80,192.168.50.154,54751,tcp,0.045384883880615234,2448,,0
150.171.109.226,80,192.168.50.154,54752,tcp,0.04436922073364258,3996,,0
150.171.109.226,80,192.168.50.154,54753,tcp,0.03417658805847168,1657,,0
150.171.109.226,80,192.168.50.154,54754,tcp,0.04478263854980469,1747,,0
150.171.109.226,80,192.168.50.154,54755,tcp,0.030872583389282227,1669,,0
150.171.109.226,80,192.168.50.154,54756,tcp,0.040126800537109375,1669,,0
150.171.109.226,80,192.168.50.154,54757,tcp,0.03701353073120117,3610,,0
150.171.109.226,80,192.168.50.154,54758,tcp,0.043704986572265625,1550,,0
150.171.109.226,80,192.168.50.154,54762,tcp,0.04521012306213379,2335,,0
150.171.109.226,80,192.168.50.154,55639,tcp,0.09991621971130371,3588,,0
150.171.109.226,80,192.168.50.154,55644,tcp,0.0437312126159668,2004,,0
150.171.109.226,80,192.168.50.154,55645,tcp,0.04244184494018555,2649,,0
150.171.109.226,80,192.168.50.154,58608,tcp,0.03390049934387207,2073,,0
150.171.109.226,80,192.168.50.154,58634,tcp,0.0678253173828125,2158,,0
150.171.109.226,80,192.168.50.154,58635,tcp,0.06911158561706543,3781,,0
150.171.109.226,80,192.168.50.154,58636,tcp,0.06043052673339844,1907,,0
150.171.109.226,80,192.168.50.154,58637,tcp,0.060877323150634766,3499,,0
150.171.109.226,80,192.168.50.154,58638,tcp,0.06452775001525879,2015,,0
150.171.109.226,80,192.168.50.154,58639,tcp,0.1296534538269043,7589,,0
150.171.109.226,80,192.168.50.154,58640,tcp,0.06723356246948242,2605,,0
150.171.109.226,80,192.168.50.154,58641,tcp,0.034374237060546875,2201,,0
150.171.109.226,80,192.168.50.154,58642,tcp,0.05701160430908203,2632,,0
150.171.109.226,80,192.168.50.154,58643,tcp,0.06322193145751953,3022,,0
150.171.109.226,80,192.168.50.154,58644,tcp,0.046494245529174805,2640,,0
150.171.109.226,80,192.168.50.154,58645,tcp,0.0847620964050293,2491,,0
150.171.109.226,80,192.168.50.154,58646,tcp,0.04541897773742676,1788,,0
150.171.109.226,80,192.168.50.154,58647,tcp,0.09931445121765137,2414,,0
150.171.109.226,80,192.168.50.154,58648,tcp,0.1307222843170166,5922,,0
150.171.109.226,80,192.168.50.154,58649,tcp,0.3441653251647949,4714,,0
150.171.109.226,80,192.168.50.154,58650,tcp,0.04527926445007324,3262,,0
150.171.109.226,80,192.168.50.154,58651,tcp,0.5853538513183594,6429,,0
150.171.109.226,80,192.168.50.154,58652,tcp,0.04307079315185547,2207,,0
150.171.109.226,80,192.168.50.154,58653,tcp,0.04134511947631836,2923,,0
150.171.109.226,80,192.168.50.154,58654,tcp,0.0587310791015625,1592,,0
150.171.109.226,80,192.168.50.154,58655,tcp,0.037484169006347656,2392,,0
150.171.109.226,80,192.168.50.154,58656,tcp,0.026493072509765625,1875,,0
150.171.109.226,80,192.168.50.154,58657,tcp,0.0357511043548584,2469,,0
150.171.109.226,80,192.168.50.154,58658,tcp,0.036238670349121094,2420,,0
150.171.109.226,80,192.168.50.154,58659,tcp,0.03593802452087402,2324,,0
150.171.109.226,80,192.168.50.154,58660,tcp,0.040888309478759766,1927,,0
150.171.109.226,80,192.168.50.154,58661,tcp,0.05451345443725586,1878,,0
150.171.109.226,80,192.168.50.154,58662,tcp,0.03701186180114746,1523,,0
150.171.109.226,80,192.168.50.154,58663,tcp,0.07821226119995117,1631,,0
150.171.109.226,80,192.168.50.154,58664,tcp,0.08959388732910156,2302,,0
150.171.109.226,80,192.168.50.154,58665,tcp,0.05228853225708008,3902,,0
150.171.109.226,80,192.168.50.154,58666,tcp,0.05293607711791992,3593,,0
150.171.109.226,80,192.168.50.154,58667,tcp,0.049950361251831055,1598,,0
150.171.109.226,80,192.168.50.154,58668,tcp,0.05232977867126465,3068,,0
150.171.109.226,80,192.168.50.154,58669,tcp,0.048040151596069336,3877,,0
150.171.109.226,80,192.168.50.154,58670,tcp,0.04992938041687012,3085,,0
150.171.109.226,80,192.168.50.154,58671,tcp,0.04912757873535156,3332,,0
150.171.109.226,80,192.168.50.154,58672,tcp,0.04881548881530762,2283,,0
150.171.109.226,80,192.168.50.154,58673,tcp,0.03386974334716797,2354,,0
150.171.109.226,80,192.168.50.154,58674,tcp,0.040244340896606445,2981,,0
150.171.109.226,80,192.168.50.154,58675,tcp,0.03422975540161133,3017,,0
150.171.109.226,80,192.168.50.154,58676,tcp,0.047142744064331055,2676,,0
150.171.109.226,80,192.168.50.154,58677,tcp,0.050901174545288086,1598,,0
150.171.109.226,80,192.168.50.154,58678,tcp,0.04857230186462402,2220,,0
150.171.109.226,80,192.168.50.154,58679,tcp,0.05866813659667969,3559,,0
150.171.109.226,80,192.168.50.154,58680,tcp,0.08664226531982422,5134,,0
150.171.109.226,80,192.168.50.154,58681,tcp,0.05984067916870117,3599,,0
150.171.109.226,80,192.168.50.154,58682,tcp,0.03829836845397949,2118,,0
150.171.109.226,80,192.168.50.154,58683,tcp,0.04691910743713379,2623,,0
150.171.109.226,80,192.168.50.154,58684,tcp,0.04952430725097656,3051,,0
150.171.109.226,80,192.168.50.154,58685,tcp,0.038722991943359375,2621,,0
150.171.109.226,80,192.168.50.154,58686,tcp,0.04316902160644531,2346,,0
150.171.109.226,80,192.168.50.154,58687,tcp,0.34508442878723145,2462,,0
150.171.109.226,80,192.168.50.154,58710,tcp,0.037293195724487305,2663,,0
150.171.109.226,80,192.168.50.154,58711,tcp,0.042994022369384766,2665,,0
150.171.109.226,443,192.168.50.154,52057,tcp,0.0,54,,0
150.171.109.226,443,192.168.50.154,52058,tcp,0.0,54,,0
150.171.109.226,443,192.168.50.154,52059,tcp,0.0,54,,0
150.171.109.226,443,192.168.50.154,52060,tcp,0.0,54,,0
150.171.109.226,443,192.168.50.154,53784,tcp,0.0,54,,0
150.171.109.226,443,192.168.50.154,53955,tcp,120.04120516777039,48298,,0
150.171.109.226,443,192.168.50.154,55638,tcp,90.08463382720947,79017,,0
150.171.109.226,443,192.168.50.154,57274,tcp,90.37674808502197,71352,,0
150.171.109.226,443,192.168.50.154,57761,tcp,119.9933705329895,48352,,0
150.171.109.227,80,192.168.50.154,54005,tcp,0.14554047584533691,3035,,0
150.171.109.227,80,192.168.50.154,54006,tcp,0.07979869842529297,2823,,0
150.171.109.227,80,192.168.50.154,54007,tcp,0.09136700630187988,2043,,0
150.171.109.227,80,192.168.50.154,54008,tcp,0.0656120777130127,2201,,0
150.171.109.227,80,192.168.50.154,54009,tcp,0.06935739517211914,2246,,0
150.171.109.227,80,192.168.50.154,54010,tcp,0.15870928764343262,7399,,0
150.171.109.227,80,192.168.50.154,54011,tcp,0.06103086471557617,4681,,0
150.171.109.227,80,192.168.50.154,54012,tcp,0.08751249313354492,1619,,0
150.171.109.227,80,192.168.50.154,54013,tcp,0.0693655014038086,2467,,0
150.171.109.227,80,192.168.50.154,54014,tcp,0.066192626953125,1870,,0
150.171.109.227,80,192.168.50.154,54015,tcp,0.10160255432128906,2423,,0
150.171.109.227,80,192.168.50.154,54016,tcp,0.07581543922424316,2107,,0
150.171.109.227,80,192.168.50.154,54017,tcp,0.06939029693603516,4491,,0
150.171.109.227,80,192.168.50.154,54018,tcp,0.1359846591949463,2113,,0
150.171.109.227,80,192.168.50.154,54019,tcp,0.08224153518676758,2228,,0
150.171.109.227,80,192.168.50.154,54020,tcp,0.08228087425231934,1856,,0
150.171.109.227,80,192.168.50.154,54021,tcp,0.08254861831665039,1981,,0
150.171.109.227,80,192.168.50.154,54022,tcp,0.07862663269042969,1907,,0
150.171.109.227,80,192.168.50.154,54023,tcp,0.05815625190734863,3281,,0
150.171.109.227,80,192.168.50.154,54024,tcp,0.06613469123840332,2433,,0
150.171.109.227,80,192.168.50.154,54025,tcp,0.10959935188293457,2210,,0
150.171.109.227,80,192.168.50.154,54026,tcp,0.06946849822998047,3272,,0
150.171.109.227,80,192.168.50.154,54027,tcp,0.06845927238464355,1474,,0
150.171.109.227,80,192.168.50.154,54028,tcp,0.10220503807067871,3171,,0
150.171.109.227,80,192.168.50.154,54029,tcp,0.05864357948303223,1414,,0
150.171.109.227,80,192.168.50.154,54030,tcp,0.057503700256347656,1667,,0
150.171.109.227,80,192.168.50.154,54031,tcp,0.06849980354309082,2310,,0
150.171.109.227,80,192.168.50.154,54032,tcp,0.05791592597961426,2649,,0
150.171.109.227,80,192.168.50.154,54033,tcp,3.5658442974090576,5533,,0
150.171.109.227,80,192.168.50.154,54034,tcp,0.05864429473876953,2000,,0
150.171.109.227,80,192.168.50.154,54035,tcp,0.07518815994262695,3375,,0
150.171.109.227,80,192.168.50.154,54036,tcp,0.06094670295715332,2630,,0
150.171.109.227,80,192.168.50.154,54037,tcp,0.07595586776733398,2898,,0
150.171.109.227,80,192.168.50.154,54038,tcp,3.1443541049957275,7022,,0
150.171.109.227,80,192.168.50.154,54039,tcp,0.13250946998596191,1918,,0
150.171.109.227,80,192.168.50.154,54040,tcp,0.09421539306640625,2443,,0
150.171.109.227,80,192.168.50.154,54041,tcp,0.08571720123291016,3026,,0
150.171.109.227,80,192.168.50.154,54042,tcp,0.0704503059387207,2976,,0
150.171.109.227,80,192.168.50.154,54043,tcp,0.07032132148742676,3717,,0
150.171.109.227,80,192.168.50.154,54044,tcp,0.07341217994689941,1865,,0
150.171.109.227,80,192.168.50.154,54045,tcp,0.08450078964233398,2528,,0
150.171.109.227,80,192.168.50.154,54046,tcp,0.06350088119506836,3153,,0
150.171.109.227,80,192.168.50.154,54047,tcp,0.06264948844909668,1958,,0
150.171.109.227,80,192.168.50.154,54048,tcp,0.07464599609375,3960,,0
150.171.109.227,80,192.168.50.154,54049,tcp,0.06664443016052246,1799,,0
150.171.109.227,80,192.168.50.154,54050,tcp,0.0712425708770752,2467,,0
150.171.109.227,80,192.168.50.154,54051,tcp,0.05328655242919922,2441,,0
150.171.109.227,80,192.168.50.154,54052,tcp,0.061553001403808594,3200,,0
150.171.109.227,80,192.168.50.154,54053,tcp,0.061980247497558594,2285,,0
150.171.109.227,80,192.168.50.154,54054,tcp,0.0704793930053711,2148,,0
150.171.109.227,80,192.168.50.154,54055,tcp,0.05716896057128906,3076,,0
150.171.109.227,80,192.168.50.154,54056,tcp,0.06834101676940918,3296,,0
150.171.109.227,80,192.168.50.154,54057,tcp,0.06522130966186523,2233,,0
150.171.109.227,80,192.168.50.154,54058,tcp,0.07280421257019043,2261,,0
150.171.109.227,80,192.168.50.154,54059,tcp,0.057604312896728516,2257,,0
150.171.109.227,80,192.168.50.154,54060,tcp,0.05061173439025879,2263,,0
150.171.109.227,80,192.168.50.154,54061,tcp,0.061037302017211914,2186,,0
150.171.109.227,80,192.168.50.154,54062,tcp,0.05823826789855957,2318,,0
150.171.109.227,80,192.168.50.154,54063,tcp,0.06708192825317383,2051,,0
150.171.109.227,80,192.168.50.154,54064,tcp,0.07914900779724121,2049,,0
150.171.109.227,80,192.168.50.154,54065,tcp,0.06705832481384277,2830,,0
150.171.109.227,80,192.168.50.154,54066,tcp,0.07051563262939453,1954,,0
150.171.109.227,80,192.168.50.154,54067,tcp,0.484344482421875,6617,,0
150.171.109.227,80,192.168.50.154,54068,tcp,0.08083534240722656,1468,,0
150.171.109.227,80,192.168.50.154,54069,tcp,0.0808110237121582,3456,,0
150.171.109.227,80,192.168.50.154,54070,tcp,0.07718896865844727,2630,,0
150.171.109.227,80,192.168.50.154,54071,tcp,0.0701608657836914,3188,,0
150.171.109.227,80,192.168.50.154,54072,tcp,0.06344366073608398,2214,,0
150.171.109.227,80,192.168.50.154,54073,tcp,0.06299400329589844,2631,,0
150.171.109.227,80,192.168.50.154,54074,tcp,0.05764365196228027,2207,,0
150.171.109.227,80,192.168.50.154,54075,tcp,0.05582118034362793,2776,,0
150.171.109.227,80,192.168.50.154,54076,tcp,0.0598902702331543,2715,,0
150.171.109.227,80,192.168.50.154,54077,tcp,0.057715654373168945,2712,,0
150.171.109.227,80,192.168.50.154,54078,tcp,0.05782318115234375,2764,,0
150.171.109.227,80,192.168.50.154,54079,tcp,0.05888533592224121,2758,,0
150.171.109.227,80,192.168.50.154,57741,tcp,0.07187294960021973,5098,,0
150.171.109.227,80,192.168.50.154,57742,tcp,0.07137823104858398,2452,,0
150.171.109.227,80,192.168.50.154,57743,tcp,0.07809281349182129,2593,,0
150.171.109.227,80,192.168.50.154,57744,tcp,0.08542585372924805,2674,,0
150.171.109.227,80,192.168.50.154,57745,tcp,0.07856249809265137,1681,,0
150.171.109.227,80,192.168.50.154,57746,tcp,0.06325697898864746,2377,,0
150.171.109.227,80,192.168.50.154,57747,tcp,0.0693514347076416,4073,,0
150.171.109.227,80,192.168.50.154,57748,tcp,0.2374556064605713,4077,,0
150.171.109.227,80,192.168.50.154,57749,tcp,0.06895160675048828,2098,,0
150.171.109.227,80,192.168.50.154,57750,tcp,0.05510902404785156,2756,,0
150.171.109.227,80,192.168.50.154,57751,tcp,0.0549013614654541,1680,,0
150.171.109.227,80,192.168.50.154,57752,tcp,0.08062052726745605,2322,,0
150.171.109.227,80,192.168.50.154,57753,tcp,0.10292243957519531,2180,,0
150.171.109.227,80,192.168.50.154,57754,tcp,0.07598114013671875,3467,,0
150.171.109.227,80,192.168.50.154,57755,tcp,0.11908578872680664,2768,,0
150.171.109.227,80,192.168.50.154,57756,tcp,0.08493471145629883,3535,,0
150.171.109.227,80,192.168.50.154,57757,tcp,0.11448550224304199,2278,,0
150.171.109.227,80,192.168.50.154,57758,tcp,0.05239701271057129,4545,,0
150.171.109.227,80,192.168.50.154,57762,tcp,0.05270051956176758,2198,,0
150.171.109.227,80,192.168.50.154,57763,tcp,0.05802464485168457,1610,,0
150.171.109.227,80,192.168.50.154,57764,tcp,0.0895695686340332,3366,,0
150.171.109.227,80,192.168.50.154,57765,tcp,0.07109761238098145,2950,,0
150.171.109.227,80,192.168.50.154,57766,tcp,0.0619053840637207,2379,,0
150.171.109.227,80,192.168.50.154,57767,tcp,0.057225704193115234,2466,,0
150.171.109.227,80,192.168.50.154,57768,tcp,0.05592489242553711,2965,,0
150.171.109.227,80,192.168.50.154,57769,tcp,0.06176400184631348,3405,,0
150.171.109.227,80,192.168.50.154,57770,tcp,0.1732017993927002,2590,,0
150.171.109.227,80,192.168.50.154,57771,tcp,0.07491731643676758,2796,,0
150.171.109.227,80,192.168.50.154,57772,tcp,0.09924483299255371,2191,,0
150.171.109.227,80,192.168.50.154,57773,tcp,0.07304191589355469,2806,,0
150.171.109.227,80,192.168.50.154,57774,tcp,0.08391666412353516,2083,,0
150.171.109.227,80,192.168.50.154,57775,tcp,0.08783364295959473,2734,,0
150.171.109.227,80,192.168.50.154,57776,tcp,0.08378839492797852,1889,,0
150.171.109.227,80,192.168.50.154,57777,tcp,0.07322502136230469,2756,,0
150.171.109.227,80,192.168.50.154,57778,tcp,0.08843374252319336,2683,,0
150.171.109.227,80,192.168.50.154,57779,tcp,0.08416748046875,2579,,0
150.171.109.227,80,192.168.50.154,57780,tcp,0.07974362373352051,1946,,0
150.171.109.227,80,192.168.50.154,57781,tcp,0.07285714149475098,2381,,0
150.171.109.227,80,192.168.50.154,57782,tcp,0.05637502670288086,2149,,0
150.171.109.227,80,192.168.50.154,57783,tcp,0.08809256553649902,2449,,0
150.171.109.227,80,192.168.50.154,57784,tcp,0.06437468528747559,3882,,0
150.171.109.227,80,192.168.50.154,57785,tcp,0.09297060966491699,2693,,0
150.171.109.227,80,192.168.50.154,57786,tcp,0.057753562927246094,3416,,0
150.171.109.227,80,192.168.50.154,57787,tcp,0.06279945373535156,2721,,0
150.171.109.227,80,192.168.50.154,57788,tcp,0.09439659118652344,4032,,0
150.171.109.227,80,192.168.50.154,57789,tcp,0.058115482330322266,4156,,0
150.171.109.227,80,192.168.50.154,57790,tcp,0.09435248374938965,3333,,0
150.171.109.227,80,192.168.50.154,57791,tcp,0.128204345703125,4290,,0
150.171.109.227,80,192.168.50.154,57792,tcp,0.08901309967041016,2902,,0
150.171.109.227,80,192.168.50.154,57793,tcp,0.052622318267822266,2391,,0
150.171.109.227,80,192.168.50.154,57794,tcp,0.0729372501373291,2200,,0
150.171.109.227,80,192.168.50.154,57795,tcp,0.16930913925170898,4910,,0
150.171.109.227,80,192.168.50.154,57796,tcp,0.07165980339050293,1979,,0
150.171.109.227,80,192.168.50.154,57797,tcp,0.17790436744689941,4720,,0
150.171.109.227,80,192.168.50.154,57798,tcp,0.1278848648071289,2593,,0
150.171.109.227,80,192.168.50.154,57799,tcp,0.13072419166564941,3326,,0
150.171.109.227,80,192.168.50.154,57800,tcp,0.16684889793395996,5495,,0
150.171.109.227,80,192.168.50.154,57801,tcp,0.12975358963012695,2680,,0
150.171.109.227,80,192.168.50.154,57802,tcp,0.11882567405700684,3446,,0
150.171.109.227,80,192.168.50.154,57803,tcp,0.15982747077941895,2736,,0
150.171.109.227,80,192.168.50.154,57804,tcp,0.11266899108886719,3676,,0
150.171.109.227,80,192.168.50.154,57805,tcp,0.11358070373535156,2378,,0
150.171.109.227,80,192.168.50.154,57806,tcp,0.12067365646362305,2043,,0
150.171.109.227,80,192.168.50.154,57807,tcp,0.10933518409729004,2705,,0
150.171.109.227,80,192.168.50.154,57808,tcp,0.11063122749328613,4613,,0
150.171.109.227,80,192.168.50.154,57809,tcp,0.15760540962219238,3514,,0
150.171.109.227,80,192.168.50.154,57810,tcp,0.09811711311340332,2431,,0
150.171.109.227,80,192.168.50.154,57811,tcp,0.06576395034790039,2191,,0
150.171.109.227,80,192.168.50.154,57812,tcp,0.06190133094787598,1754,,0
150.171.109.227,80,192.168.50.154,57813,tcp,0.0682835578918457,4937,,0
150.171.109.227,80,192.168.50.154,57814,tcp,0.06804394721984863,1496,,0
150.171.109.227,80,192.168.50.154,57815,tcp,1.7253551483154297,3739,,0
150.171.109.227,80,192.168.50.154,57816,tcp,0.08696484565734863,2415,,0
150.171.109.227,80,192.168.50.154,57817,tcp,0.08042478561401367,2533,,0
150.171.109.227,80,192.168.50.154,57818,tcp,0.8550803661346436,5611,,0
150.171.109.227,80,192.168.50.154,57819,tcp,1.180103063583374,4289,,0
150.171.109.227,80,192.168.50.154,57820,tcp,0.07183337211608887,2508,,0
150.171.109.227,80,192.168.50.154,57821,tcp,0.06673407554626465,2738,,0
150.171.109.227,80,192.168.50.154,57822,tcp,1.4263620376586914,6564,,0
150.171.109.227,80,192.168.50.154,57823,tcp,0.06672191619873047,2549,,0
150.171.109.227,80,192.168.50.154,57824,tcp,0.09354233741760254,2539,,0
150.171.109.227,80,192.168.50.154,57825,tcp,0.05687284469604492,2039,,0
150.171.109.227,80,192.168.50.154,57826,tcp,0.12433600425720215,3901,,0
150.171.109.227,80,192.168.50.154,57827,tcp,0.05646872520446777,1819,,0
150.171.109.227,80,192.168.50.154,57828,tcp,0.08877062797546387,2168,,0
150.171.109.227,80,192.168.50.154,57832,tcp,0.07859635353088379,2257,,0
150.171.109.227,80,192.168.50.154,57833,tcp,0.08459782600402832,2151,,0
150.171.109.227,80,192.168.50.154,57834,tcp,0.15745973587036133,2335,,0
150.171.109.227,80,192.168.50.154,57835,tcp,0.11251258850097656,3465,,0
150.171.109.227,80,192.168.50.154,57836,tcp,0.06864190101623535,4827,,0
150.171.109.227,80,192.168.50.154,57837,tcp,0.08537697792053223,2296,,0
150.171.109.227,80,192.168.50.154,57838,tcp,0.05739760398864746,2311,,0
150.171.109.227,80,192.168.50.154,57839,tcp,0.07311153411865234,2279,,0
150.171.109.227,80,192.168.50.154,57840,tcp,0.07277154922485352,3153,,0
150.171.109.227,80,192.168.50.154,57841,tcp,0.0731973648071289,2470,,0
150.171.109.227,80,192.168.50.154,57842,tcp,0.062185049057006836,2144,,0
150.171.109.227,80,192.168.50.154,57843,tcp,0.10096478462219238,2998,,0
150.171.109.227,80,192.168.50.154,57844,tcp,0.05886697769165039,2687,,0
150.171.109.227,80,192.168.50.154,57845,tcp,0.3533813953399658,2180,,0
150.171.109.227,80,192.168.50.154,57846,tcp,0.10037016868591309,1819,,0
150.171.109.227,80,192.168.50.154,57847,tcp,0.0751650333404541,1916,,0
150.171.109.227,80,192.168.50.154,57848,tcp,0.07383179664611816,2202,,0
150.171.109.227,80,192.168.50.154,57849,tcp,0.06456160545349121,1885,,0
150.171.109.227,80,192.168.50.154,57850,tcp,0.05682706832885742,2757,,0
150.171.109.227,80,192.168.50.154,57851,tcp,0.08845853805541992,2700,,0
150.171.109.227,80,192.168.50.154,57852,tcp,0.06031322479248047,2986,,0
150.171.109.227,80,192.168.50.154,57853,tcp,0.062120676040649414,4010,,0
150.171.109.227,443,192.168.50.154,54083,tcp,0.1177225112915039,48112,,0
162.254.195.75,27018,192.168.50.154,54545,tcp,577.9106483459473,8427,,0
172.178.240.163,443,192.168.50.154,54759,tcp,0.5084869861602783,6308,,0
172.65.197.160,25565,192.168.50.154,53433,tcp,614.9122154712677,22567537,,0
173.194.195.84,443,192.168.50.154,65142,udp,0.18590188026428223,8064,,0
18.154.101.114,443,192.168.50.154,51580,tcp,149.94696187973022,372,,0
18.154.101.114,443,192.168.50.154,53187,tcp,149.95374655723572,372,,0
18.154.101.114,443,192.168.50.154,53782,tcp,104.94309878349304,306,,0
18.160.143.18,443,192.168.50.154,49220,tcp,0.015315771102905273,201,,0
18.160.143.87,443,192.168.50.154,55568,tcp,180.1391966342926,2217,,0
18.160.143.87,443,192.168.50.154,57000,udp,0.15992403030395508,13481,,0
18.214.184.253,443,192.168.50.154,55342,tcp,60.178382873535156,5973,,0
18.238.136.74,443,192.168.50.154,53956,tcp,100.13774538040161,70983,,0
18.238.136.87,443,192.168.50.154,61382,tcp,0.10334372520446777,846,,0
18.238.136.87,443,192.168.50.154,61383,tcp,100.07306742668152,1178,,0
18.238.176.15,443,192.168.50.154,53391,tcp,149.95898270606995,387,,0
192.168.50.1,0,224.0.0.1,0,udp,600.0391271114349,1612,,0
192.168.50.1,53,192.168.50.154,49305,udp,0.0,268,,0
192.168.50.1,53,192.168.50.154,49545,udp,600.1540532112122,7828,,0
192.168.50.1,53,192.168.50.154,49768,udp,0.0,129,,0
192.168.50.1,53,192.168.50.154,50225,udp,0.0,175,,0
192.168.50.1,53,192.168.50.154,50708,udp,0.0,129,,0
192.168.50.1,53,192.168.50.154,50931,udp,0.0,158,,0
192.168.50.1,53,192.168.50.154,51400,udp,0.0,179,,0
192.168.50.1,53,192.168.50.154,51538,udp,0.0,175,,0
192.168.50.1,53,192.168.50.154,51732,udp,0.0,159,,0
192.168.50.1,53,192.168.50.154,51734,udp,0.0,90,,0
192.168.50.1,53,192.168.50.154,51932,udp,0.0,179,,0
192.168.50.1,53,192.168.50.154,52381,udp,0.0,218,,0
192.168.50.1,53,192.168.50.154,52407,udp,0.0,206,,0
192.168.50.1,53,192.168.50.154,52499,udp,0.0,164,,0
192.168.50.1,53,192.168.50.154,52632,udp,0.0,189,,0
192.168.50.1,53,192.168.50.154,53169,udp,0.0,438,,0
192.168.50.1,53,192.168.50.154,53479,udp,0.0,219,,0
192.168.50.1,53,192.168.50.154,53527,udp,0.0,144,,0
192.168.50.1,53,192.168.50.154,53569,udp,0.0,219,,0
192.168.50.1,53,192.168.50.154,53867,udp,0.0,302,,0
192.168.50.1,53,192.168.50.154,54012,udp,0.0,175,,0
192.168.50.1,53,192.168.50.154,54069,udp,0.0,152,,0
192.168.50.1,53,192.168.50.154,54196,udp,0.0,160,,0
192.168.50.1,53,192.168.50.154,54675,udp,0.0,103,,0
192.168.50.1,53,192.168.50.154,54843,udp,0.0,220,,0
192.168.50.1,53,192.168.50.154,54955,udp,0.0,220,,0
192.168.50.1,53,192.168.50.154,55378,udp,0.0,283,,0
192.168.50.1,53,192.168.50.154,55410,udp,0.0,224,,0
192.168.50.1,53,192.168.50.154,55495,udp,0.0,187,,0
192.168.50.1,53,192.168.50.154,55607,udp,0.0,164,,0
192.168.50.1,53,192.168.50.154,56112,udp,0.0,159,,0
192.168.50.1,53,192.168.50.154,56768,udp,0.0,302,,0
192.168.50.1,53,192.168.50.154,57410,udp,0.0,220,,0
192.168.50.1,53,192.168.50.154,57516,udp,0.0,141,,0
192.168.50.1,53,192.168.50.154,57651,udp,0.0,107,,0
192.168.50.1,53,192.168.50.154,57698,udp,0.0,90,,0
192.168.50.1,53,192.168.50.154,57780,udp,0.0,158,,0
192.168.50.1,53,192.168.50.154,58225,udp,0.0,206,,0
192.168.50.1,53,192.168.50.154,58332,udp,0.0,187,,0
192.168.50.1,53,192.168.50.154,58461,udp,0.0,159,,0
192.168.50.1,53,192.168.50.154,58479,udp,0.0,152,,0
192.168.50.1,53,192.168.50.154,58545,udp,0.0,433,,0
192.168.50.1,53,192.168.50.154,58694,udp,0.0,224,,0
192.168.50.1,53,192.168.50.154,58844,udp,0.0,197,,0
192.168.50.1,53,192.168.50.154,58903,udp,0.0,160,,0
192.168.50.1,53,192.168.50.154,59628,udp,0.0,216,,0
192.168.50.1,53,192.168.50.154,60037,udp,0.0,175,,0
192.168.50.1,53,192.168.50.154,60088,udp,0.0,139,,0
192.168.50.1,53,192.168.50.154,60754,udp,0.0,107,,0
192.168.50.1,53,192.168.50.154,61098,udp,0.0,204,,0
192.168.50.1,53,192.168.50.154,61513,udp,0.0,152,,0
192.168.50.1,53,192.168.50.154,61712,udp,0.0,95,,0
192.168.50.1,53,192.168.50.154,61859,udp,0.0,179,,0
192.168.50.1,53,192.168.50.154,62393,udp,0.0,162,,0
192.168.50.1,53,192.168.50.154,62523,udp,0.0,209,,0
192.168.50.1,53,192.168.50.154,62658,udp,0.0,141,,0
192.168.50.1,53,192.168.50.154,63476,udp,0.0,159,,0
192.168.50.1,53,192.168.50.154,63673,udp,0.0,251,,0
192.168.50.1,53,192.168.50.154,64052,udp,0.0,216,,0
192.168.50.1,53,192.168.50.154,64267,udp,0.0,152,,0
192.168.50.1,53,192.168.50.154,64709,udp,0.0,433,,0
192.168.50.1,53,192.168.50.154,65178,udp,0.0,197,,0
192.168.50.1,53,192.168.50.154,65222,udp,0.0,95,,0
192.168.50.1,1900,239.255.255.250,1900,udp,0.001779317855834961,2846,,0
192.168.50.1,9999,255.255.255.255,9999,udp,304.03082275390625,6648,,0
192.168.50.1,33788,192.168.50.255,7788,udp,0.0,118,,0
192.168.50.1,33963,239.255.255.250,1900,udp,600.3855278491974,115376,,0
192.168.50.1,34075,192.168.50.255,7788,udp,0.0,118,,0
192.168.50.1,41474,192.168.50.255,7788,udp,0.0,118,,0
192.168.50.1,43615,192.168.50.154,55643,tcp,0.008578062057495117,449,,0
192.168.50.1,43615,192.168.50.154,58610,tcp,0.010853052139282227,3486,,0
192.168.50.1,43615,192.168.50.154,58611,tcp,0.011225223541259766,502,,0
192.168.50.1,43615,192.168.50.154,58612,tcp,0.01143026351928711,840,,0
192.168.50.1,43615,192.168.50.154,58613,tcp,0.010637521743774414,857,,0
192.168.50.1,43615,192.168.50.154,58614,tcp,0.009775400161743164,3486,,0
192.168.50.1,43615,192.168.50.154,58615,tcp,0.008310079574584961,502,,0
192.168.50.1,43615,192.168.50.154,58616,tcp,0.011101245880126953,840,,0
192.168.50.1,43615,192.168.50.154,58617,tcp,0.009021997451782227,857,,0
192.168.50.1,43615,192.168.50.154,58618,tcp,0.011254310607910156,840,,0
192.168.50.1,43615,192.168.50.154,58619,tcp,0.012237548828125,857,,0
192.168.50.1,43615,192.168.50.154,58620,tcp,0.01022028923034668,840,,0
192.168.50.1,43615,192.168.50.154,58621,tcp,0.010918140411376953,857,,0
192.168.50.1,43615,192.168.50.154,58623,tcp,0.006177663803100586,840,,0
192.168.50.1,43615,192.168.50.154,58624,tcp,0.008632421493530273,857,,0
192.168.50.1,43615,192.168.50.154,58625,tcp,0.01038050651550293,840,,0
192.168.50.1,43615,192.168.50.154,58626,tcp,0.011687040328979492,857,,0
192.168.50.1,43615,192.168.50.154,58627,tcp,0.011246681213378906,840,,0
192.168.50.1,43615,192.168.50.154,58628,tcp,0.008825302124023438,857,,0
192.168.50.1,43615,192.168.50.154,58632,tcp,0.00772857666015625,449,,0
192.168.50.1,43615,192.168.50.154,58633,tcp,0.008625984191894531,432,,0
192.168.50.1,43615,192.168.50.154,58689,tcp,0.008378028869628906,3486,,0
192.168.50.1,43615,192.168.50.154,58690,tcp,0.012856006622314453,502,,0
192.168.50.1,43615,192.168.50.154,58691,tcp,0.009724617004394531,840,,0
192.168.50.1,43615,192.168.50.154,58692,tcp,0.009000062942504883,857,,0
192.168.50.1,43615,192.168.50.154,58693,tcp,0.009769439697265625,3486,,0
192.168.50.1,43615,192.168.50.154,58694,tcp,0.013948202133178711,502,,0
192.168.50.1,43615,192.168.50.154,58695,tcp,0.00801992416381836,840,,0
192.168.50.1,43615,192.168.50.154,58696,tcp,0.008735418319702148,857,,0
192.168.50.1,43615,192.168.50.154,58697,tcp,0.008762836456298828,840,,0
192.168.50.1,43615,192.168.50.154,58698,tcp,0.00839543342590332,857,,0
192.168.50.1,43615,192.168.50.154,58699,tcp,0.013189315795898438,840,,0
192.168.50.1,43615,192.168.50.154,58700,tcp,0.005151033401489258,857,,0
192.168.50.1,43615,192.168.50.154,58702,tcp,0.015352010726928711,840,,0
192.168.50.1,43615,192.168.50.154,58703,tcp,0.01828598976135254,857,,0
192.168.50.1,43615,192.168.50.154,58704,tcp,0.0027539730072021484,840,,0
192.168.50.1,43615,192.168.50.154,58705,tcp,0.008659839630126953,857,,0
192.168.50.1,43615,192.168.50.154,58706,tcp,0.019764184951782227,840,,0
192.168.50.1,43615,192.168.50.154,58707,tcp,0.003551959991455078,857,,0
192.168.50.1,43615,192.168.50.154,58708,tcp,0.00884103775024414,449,,0
192.168.50.1,43615,192.168.50.154,58709,tcp,0.013582706451416016,432,,0
192.168.50.1,47239,192.168.50.255,7788,udp,0.0,118,,0
192.168.50.1,48071,192.168.50.255,7788,udp,0.0,118,,0
192.168.50.1,48343,192.168.50.255,7788,udp,0.0,118,,0
192.168.50.1,50900,192.168.50.255,7788,udp,0.0,118,,0
192.168.50.1,54338,192.168.50.255,7788,udp,0.0,118,,0
192.168.50.1,55890,192.168.50.255,7788,udp,0.0,118,,0
192.168.50.1,57932,192.168.50.154,2869,tcp,1.0298535823822021,172,,0
192.168.50.1,57934,192.168.50.154,2869,tcp,1.043654441833496,172,,0
192.168.50.1,57936,192.168.50.154,2869,tcp,1.0417530536651611,172,,0
192.168.50.1,57938,192.168.50.154,2869,tcp,0.9932398796081543,172,,0
192.168.50.1,57964,192.168.50.255,7788,udp,0.0,118,,0
192.168.50.149,5353,224.0.0.251,5353,udp,531.9491255283356,3834,,0
192.168.50.154,0,224.0.0.22,0,udp,597.9909286499023,4684,,0
192.168.50.154,49176,140.82.114.5,443,tcp,30.331305265426636,3119,,0
192.168.50.154,49177,3.169.202.6,443,tcp,100.09813189506531,1218,,0
192.168.50.154,49216,13.226.251.35,443,tcp,59.91964626312256,218,,0
192.168.50.154,49220,18.160.143.18,443,tcp,0.00018477439880371094,108,,0
192.168.50.154,49279,216.239.32.223,443,tcp,0.0196993350982666,108,,0
192.168.50.154,49305,192.168.50.1,53,udp,0.0,80,,0
192.168.50.154,49306,239.255.255.250,1900,udp,3.02817964553833,848,,0
192.168.50.154,49545,192.168.50.1,53,udp,600.1566660404205,3450,,0
192.168.50.154,49704,20.59.87.225,443,tcp,490.1016800403595,165,,0
192.168.50.154,49768,192.168.50.1,53,udp,0.0,79,,0
192.168.50.154,50225,192.168.50.1,53,udp,0.0,88,,0
192.168.50.154,50708,192.168.50.1,53,udp,0.0,79,,0
192.168.50.154,50829,216.239.38.223,443,udp,0.0831308364868164,4675,,0
192.168.50.154,50931,192.168.50.1,53,udp,0.0,74,,0
192.168.50.154,51155,142.250.188.46,443,udp,0.07384920120239258,6082,,0
192.168.50.154,51311,216.239.38.223,443,udp,0.06502175331115723,5794,,0
192.168.50.154,51400,192.168.50.1,53,udp,0.0,92,,0
192.168.50.154,51538,192.168.50.1,53,udp,0.0,77,,0
192.168.50.154,51580,18.154.101.114,443,tcp,149.94586205482483,274,,0
192.168.50.154,51719,140.82.113.6,443,tcp,30.362453937530518,3119,,0
192.168.50.154,51732,192.168.50.1,53,udp,0.0,95,,0
192.168.50.154,51734,192.168.50.1,53,udp,0.0,74,,0
192.168.50.154,51878,54.208.106.41,443,tcp,60.17696809768677,4236,,0
192.168.50.154,51889,34.239.10.206,443,tcp,60.19434428215027,9408,,0
192.168.50.154,51932,192.168.50.1,53,udp,0.0,92,,0
192.168.50.154,52043,20.252.51.151,443,tcp,0.03945112228393555,108,,0
192.168.50.154,52057,150.171.109.226,443,tcp,0.0,85,,0
192.168.50.154,52058,150.171.109.226,443,tcp,0.0,85,,0
192.168.50.154,52059,150.171.109.226,443,tcp,0.0,85,,0
192.168.50.154,52060,150.171.109.226,443,tcp,0.0,85,,0
192.168.50.154,52065,40.90.8.20,443,tcp,100.00551247596741,326,,0
192.168.50.154,52066,199.46.35.129,443,tcp,104.33018398284912,648,,0
192.168.50.154,52381,192.168.50.1,53,udp,0.0,80,,0
192.168.50.154,52407,192.168.50.1,53,udp,0.0,78,,0
192.168.50.154,52408,239.255.255.250,1900,udp,3.030632257461548,848,,0
192.168.50.154,52409,239.255.255.250,1900,udp,3.030503273010254,848,,0
192.168.50.154,52499,192.168.50.1,53,udp,0.0,79,,0
192.168.50.154,52500,239.255.255.250,1900,udp,3.0281083583831787,848,,0
192.168.50.154,52632,192.168.50.1,53,udp,0.0,82,,0
192.168.50.154,52967,52.168.112.66,443,tcp,45.06147646903992,110,,0
192.168.50.154,53169,192.168.50.1,53,udp,0.0,82,,0
192.168.50.154,53187,18.154.101.114,443,tcp,149.94840669631958,274,,0
192.168.50.154,53242,34.200.163.181,443,tcp,60.190155267715454,3913,,0
192.168.50.154,53243,142.250.72.195,443,udp,17.05416512489319,6667,,0
192.168.50.154,53264,107.22.219.60,443,tcp,60.18189811706543,5512,,0
192.168.50.154,53391,18.238.176.15,443,tcp,149.96129846572876,274,,0
192.168.50.154,53396,142.251.35.131,443,tcp,0.015407800674438477,108,,0
192.168.50.154,53433,172.65.197.160,25565,tcp,614.9130129814148,3585650,,0
192.168.50.154,53479,192.168.50.1,53,udp,0.0,90,,0
192.168.50.154,53527,192.168.50.1,53,udp,0.0,87,,0
192.168.50.154,53569,192.168.50.1,53,udp,0.0,90,,0
192.168.50.154,53647,52.123.249.54,443,tcp,353.3437979221344,548,,0
192.168.50.154,53718,239.255.255.250,3702,udp,6.423117160797119,4886,,0
192.168.50.154,53782,18.154.101.114,443,tcp,104.93810820579529,219,,0
192.168.50.154,53784,150.171.109.226,443,tcp,0.0,85,,0
192.168.50.154,53790,150.171.109.225,443,tcp,0.0002167224884033203,139,,0
192.168.50.154,53793,239.255.255.250,1900,udp,3.0226240158081055,848,,0
192.168.50.154,53867,192.168.50.1,53,udp,0.0,77,,0
192.168.50.154,53951,23.38.100.134,443,tcp,135.10025644302368,4626,,0
192.168.50.154,53952,52.123.128.14,443,tcp,0.19822287559509277,2055,,0
192.168.50.154,53955,150.171.109.226,443,tcp,120.03580236434937,1423,,0
192.168.50.154,53956,18.238.136.74,443,tcp,100.15532231330872,1845,,0
192.168.50.154,53957,150.171.109.225,80,tcp,0.06280517578125,518,,0
192.168.50.154,53958,150.171.109.225,80,tcp,0.08398962020874023,518,,0
192.168.50.154,53959,150.171.109.225,80,tcp,0.0787811279296875,518,,0
192.168.50.154,53960,150.171.109.225,80,tcp,0.1071164608001709,518,,0
192.168.50.154,53961,150.171.109.225,80,tcp,0.07989788055419922,518,,0
192.168.50.154,53962,150.171.109.225,80,tcp,0.061931610107421875,518,,0
192.168.50.154,53963,150.171.109.225,80,tcp,0.05946493148803711,518,,0
192.168.50.154,53964,150.171.109.225,80,tcp,0.044438838958740234,464,,0
192.168.50.154,53965,150.171.109.225,80,tcp,0.04946136474609375,518,,0
192.168.50.154,53966,150.171.109.225,80,tcp,0.08942461013793945,518,,0
192.168.50.154,53967,150.171.109.225,80,tcp,0.05353140830993652,459,,0
192.168.50.154,53968,150.171.109.225,80,tcp,0.052397727966308594,518,,0
192.168.50.154,53969,150.171.109.225,80,tcp,0.056507110595703125,518,,0
192.168.50.154,53970,150.171.109.225,80,tcp,0.07081913948059082,517,,0
192.168.50.154,53971,150.171.109.225,80,tcp,0.05892372131347656,518,,0
192.168.50.154,53972,150.171.109.225,80,tcp,0.05823326110839844,518,,0
192.168.50.154,53973,150.171.109.225,80,tcp,0.0739431381225586,518,,0
192.168.50.154,53974,150.171.109.225,80,tcp,0.18669748306274414,808,,0
192.168.50.154,53975,150.171.109.225,80,tcp,0.09102678298950195,518,,0
192.168.50.154,53976,150.171.109.225,80,tcp,0.049643516540527344,518,,0
192.168.50.154,53977,150.171.109.225,80,tcp,0.09792280197143555,518,,0
192.168.50.154,53978,150.171.109.225,80,tcp,0.0651402473449707,518,,0
192.168.50.154,53979,150.171.109.225,80,tcp,0.06513476371765137,518,,0
192.168.50.154,53980,150.171.109.225,80,tcp,0.13576459884643555,808,,0
192.168.50.154,53981,150.171.109.225,80,tcp,0.12592363357543945,806,,0
192.168.50.154,53982,150.171.109.225,80,tcp,0.0897519588470459,518,,0
192.168.50.154,53983,150.171.109.225,80,tcp,0.05586695671081543,515,,0
192.168.50.154,53984,150.171.109.225,80,tcp,0.06215047836303711,518,,0
192.168.50.154,53985,150.171.109.225,80,tcp,0.06547164916992188,518,,0
192.168.50.154,53986,150.171.109.225,80,tcp,0.09423565864562988,518,,0
192.168.50.154,53987,150.171.109.225,80,tcp,0.07063651084899902,517,,0
192.168.50.154,53988,150.171.109.225,80,tcp,0.062010765075683594,464,,0
192.168.50.154,53989,150.171.109.225,80,tcp,0.0632624626159668,518,,0
192.168.50.154,53990,150.171.109.225,80,tcp,0.06266951560974121,518,,0
192.168.50.154,53991,150.171.109.225,80,tcp,0.05705881118774414,517,,0
192.168.50.154,53992,150.171.109.225,80,tcp,0.0696256160736084,518,,0
192.168.50.154,53993,150.171.109.225,80,tcp,0.05352950096130371,518,,0
192.168.50.154,53994,150.171.109.225,80,tcp,0.060276031494140625,518,,0
192.168.50.154,53995,150.171.109.225,80,tcp,0.10077881813049316,518,,0
192.168.50.154,53996,150.171.109.225,80,tcp,0.09429669380187988,807,,0
192.168.50.154,53997,150.171.109.225,80,tcp,0.04903364181518555,518,,0
192.168.50.154,53998,150.171.109.225,80,tcp,0.08276867866516113,464,,0
192.168.50.154,53999,150.171.109.225,80,tcp,0.10361695289611816,518,,0
192.168.50.154,54000,150.171.109.225,80,tcp,0.06580018997192383,518,,0
192.168.50.154,54001,150.171.109.225,80,tcp,0.06518959999084473,514,,0
192.168.50.154,54002,150.171.109.225,80,tcp,0.05488705635070801,518,,0
192.168.50.154,54003,150.171.109.225,80,tcp,0.0943148136138916,518,,0
192.168.50.154,54004,150.171.109.225,80,tcp,0.13181281089782715,518,,0
192.168.50.154,54005,150.171.109.227,80,tcp,0.1735823154449463,518,,0
192.168.50.154,54006,150.171.109.227,80,tcp,0.11022424697875977,518,,0
192.168.50.154,54007,150.171.109.227,80,tcp,0.12256264686584473,518,,0
192.168.50.154,54008,150.171.109.227,80,tcp,0.09586238861083984,518,,0
192.168.50.154,54009,150.171.109.227,80,tcp,0.09790468215942383,518,,0
192.168.50.154,54010,150.171.109.227,80,tcp,0.18959927558898926,807,,0
192.168.50.154,54011,150.171.109.227,80,tcp,0.09062862396240234,518,,0
192.168.50.154,54012,150.171.109.227,80,tcp,0.1142270565032959,464,,0
192.168.50.154,54012,192.168.50.1,53,udp,0.0,88,,0
192.168.50.154,54013,150.171.109.227,80,tcp,0.0971379280090332,518,,0
192.168.50.154,54014,150.171.109.227,80,tcp,0.09653067588806152,518,,0
192.168.50.154,54015,150.171.109.227,80,tcp,0.13197970390319824,518,,0
192.168.50.154,54016,150.171.109.227,80,tcp,0.10481810569763184,518,,0
192.168.50.154,54017,150.171.109.227,80,tcp,0.10341095924377441,518,,0
192.168.50.154,54018,150.171.109.227,80,tcp,0.17000198364257812,517,,0
192.168.50.154,54019,150.171.109.227,80,tcp,0.10921359062194824,518,,0
192.168.50.154,54020,150.171.109.227,80,tcp,0.10880589485168457,518,,0
192.168.50.154,54021,150.171.109.227,80,tcp,0.10802459716796875,515,,0
192.168.50.154,54022,150.171.109.227,80,tcp,0.10659480094909668,518,,0
192.168.50.154,54023,150.171.109.227,80,tcp,0.08348870277404785,517,,0
192.168.50.154,54024,150.171.109.227,80,tcp,0.09249067306518555,518,,0
192.168.50.154,54025,150.171.109.227,80,tcp,0.13642573356628418,518,,0
192.168.50.154,54026,150.171.109.227,80,tcp,0.09647202491760254,515,,0
192.168.50.154,54027,150.171.109.227,80,tcp,0.09652113914489746,463,,0
192.168.50.154,54028,150.171.109.227,80,tcp,0.1293470859527588,518,,0
192.168.50.154,54029,150.171.109.227,80,tcp,0.08354759216308594,460,,0
192.168.50.154,54030,150.171.109.227,80,tcp,0.0870676040649414,464,,0
192.168.50.154,54031,150.171.109.227,80,tcp,0.09521961212158203,518,,0
192.168.50.154,54032,150.171.109.227,80,tcp,0.08411431312561035,518,,0
192.168.50.154,54033,150.171.109.227,80,tcp,3.593024253845215,808,,0
192.168.50.154,54034,150.171.109.227,80,tcp,0.08637332916259766,518,,0
192.168.50.154,54035,150.171.109.227,80,tcp,0.10174345970153809,518,,0
192.168.50.154,54036,150.171.109.227,80,tcp,0.09599447250366211,516,,0
192.168.50.154,54037,150.171.109.227,80,tcp,0.1096956729888916,518,,0
192.168.50.154,54038,150.171.109.227,80,tcp,3.1775107383728027,807,,0
192.168.50.154,54039,150.171.109.227,80,tcp,0.16713333129882812,514,,0
192.168.50.154,54040,150.171.109.227,80,tcp,0.1199955940246582,518,,0
192.168.50.154,54041,150.171.109.227,80,tcp,0.1079871654510498,517,,0
192.168.50.154,54042,150.171.109.227,80,tcp,0.09539008140563965,518,,0
192.168.50.154,54043,150.171.109.227,80,tcp,0.09943127632141113,518,,0
192.168.50.154,54044,150.171.109.227,80,tcp,0.10046529769897461,513,,0
192.168.50.154,54045,150.171.109.227,80,tcp,0.11479592323303223,518,,0
192.168.50.154,54046,150.171.109.227,80,tcp,0.08497095108032227,518,,0
192.168.50.154,54047,150.171.109.227,80,tcp,0.0863029956817627,516,,0
192.168.50.154,54048,150.171.109.227,80,tcp,0.09718942642211914,518,,0
192.168.50.154,54049,150.171.109.227,80,tcp,0.09519696235656738,518,,0
192.168.50.154,54050,150.171.109.227,80,tcp,0.10194015502929688,517,,0
192.168.50.154,54051,150.171.109.227,80,tcp,0.08866405487060547,518,,0
192.168.50.154,54052,150.171.109.227,80,tcp,0.08780431747436523,514,,0
192.168.50.154,54053,150.171.109.227,80,tcp,0.08985710144042969,516,,0
192.168.50.154,54054,150.171.109.227,80,tcp,0.09746432304382324,516,,0
192.168.50.154,54055,150.171.109.227,80,tcp,0.08504152297973633,517,,0
192.168.50.154,54056,150.171.109.227,80,tcp,0.09500861167907715,516,,0
192.168.50.154,54057,150.171.109.227,80,tcp,0.09024477005004883,516,,0
192.168.50.154,54058,150.171.109.227,80,tcp,0.09956073760986328,515,,0
192.168.50.154,54059,150.171.109.227,80,tcp,0.08224630355834961,518,,0
192.168.50.154,54060,150.171.109.227,80,tcp,0.07842469215393066,514,,0
192.168.50.154,54061,150.171.109.227,80,tcp,0.09750986099243164,515,,0
192.168.50.154,54062,150.171.109.227,80,tcp,0.08890581130981445,515,,0
192.168.50.154,54063,150.171.109.227,80,tcp,0.09275102615356445,515,,0
192.168.50.154,54064,150.171.109.227,80,tcp,0.10747146606445312,515,,0
192.168.50.154,54065,150.171.109.227,80,tcp,0.09156918525695801,516,,0
192.168.50.154,54066,150.171.109.227,80,tcp,0.11367535591125488,516,,0
192.168.50.154,54067,150.171.109.227,80,tcp,0.5210249423980713,804,,0
192.168.50.154,54068,150.171.109.227,80,tcp,0.12456750869750977,462,,0
192.168.50.154,54069,150.171.109.227,80,tcp,0.12415695190429688,516,,0
192.168.50.154,54069,192.168.50.1,53,udp,0.0,95,,0
192.168.50.154,54070,150.171.109.227,80,tcp,0.11329984664916992,518,,0
192.168.50.154,54071,150.171.109.227,80,tcp,0.11346602439880371,516,,0
192.168.50.154,54072,150.171.109.227,80,tcp,0.08936309814453125,517,,0
192.168.50.154,54073,150.171.109.227,80,tcp,0.09553146362304688,518,,0
192.168.50.154,54074,150.171.109.227,80,tcp,0.08269810676574707,517,,0
192.168.50.154,54075,150.171.109.227,80,tcp,0.08564424514770508,514,,0
192.168.50.154,54076,150.171.109.227,80,tcp,0.08873510360717773,517,,0
192.168.50.154,54077,150.171.109.227,80,tcp,0.08498787879943848,515,,0
192.168.50.154,54078,150.171.109.227,80,tcp,0.08678960800170898,518,,0
192.168.50.154,54079,150.171.109.227,80,tcp,0.08780360221862793,516,,0
192.168.50.154,54080,150.171.109.226,80,tcp,0.060307979583740234,514,,0
192.168.50.154,54083,150.171.109.227,443,tcp,0.14339780807495117,1338,,0
192.168.50.154,54196,192.168.50.1,53,udp,0.0,78,,0
192.168.50.154,54545,162.254.195.75,27018,tcp,577.9134917259216,7708,,0
192.168.50.154,54675,192.168.50.1,53,udp,0.0,87,,0
192.168.50.154,54696,34.200.163.181,443,tcp,60.18839430809021,5171,,0
192.168.50.154,54697,150.171.109.226,80,tcp,0.05435538291931152,518,,0
192.168.50.154,54698,150.171.109.226,80,tcp,0.0582427978515625,518,,0
192.168.50.154,54699,150.171.109.226,80,tcp,0.04319429397583008,518,,0
192.168.50.154,54700,150.171.109.226,80,tcp,0.13825082778930664,805,,0
192.168.50.154,54701,150.171.109.226,80,tcp,0.04936647415161133,518,,0
192.168.50.154,54702,150.171.109.226,80,tcp,0.04882216453552246,518,,0
192.168.50.154,54703,150.171.109.226,80,tcp,0.07708287239074707,518,,0
192.168.50.154,54704,150.171.109.226,80,tcp,0.1277151107788086,808,,0
192.168.50.154,54705,150.171.109.226,80,tcp,0.05483436584472656,517,,0
192.168.50.154,54706,150.171.109.226,80,tcp,0.07644176483154297,518,,0
192.168.50.154,54707,150.171.109.226,80,tcp,0.05357193946838379,464,,0
192.168.50.154,54708,150.171.109.226,80,tcp,0.0585019588470459,518,,0
192.168.50.154,54709,150.171.109.226,80,tcp,0.12401652336120605,807,,0
192.168.50.154,54710,150.171.109.226,80,tcp,0.0619807243347168,517,,0
192.168.50.154,54711,150.171.109.226,80,tcp,0.07120323181152344,518,,0
192.168.50.154,54712,150.171.109.226,80,tcp,0.07161355018615723,518,,0
192.168.50.154,54713,150.171.109.226,80,tcp,0.060477495193481445,515,,0
192.168.50.154,54714,150.171.109.226,80,tcp,0.12215495109558105,803,,0
192.168.50.154,54715,150.171.109.226,80,tcp,0.07038164138793945,517,,0
192.168.50.154,54716,150.171.109.226,80,tcp,0.05568504333496094,464,,0
192.168.50.154,54717,150.171.109.226,80,tcp,0.07045269012451172,464,,0
192.168.50.154,54718,150.171.109.226,80,tcp,0.05291891098022461,464,,0
192.168.50.154,54719,150.171.109.226,80,tcp,0.5260202884674072,806,,0
192.168.50.154,54720,150.171.109.226,80,tcp,0.07074546813964844,464,,0
192.168.50.154,54721,150.171.109.226,80,tcp,0.0758512020111084,464,,0
192.168.50.154,54722,150.171.109.226,80,tcp,0.08199691772460938,409,,0
192.168.50.154,54723,150.171.109.226,80,tcp,0.07758283615112305,518,,0
192.168.50.154,54724,150.171.109.226,80,tcp,0.06003379821777344,464,,0
192.168.50.154,54725,150.171.109.226,80,tcp,0.08935809135437012,518,,0
192.168.50.154,54726,150.171.109.226,80,tcp,0.4228212833404541,807,,0
192.168.50.154,54727,150.171.109.226,80,tcp,0.06836533546447754,463,,0
192.168.50.154,54728,150.171.109.226,80,tcp,0.07748937606811523,518,,0
192.168.50.154,54729,150.171.109.226,80,tcp,0.08895134925842285,513,,0
192.168.50.154,54730,150.171.109.226,80,tcp,0.0933370590209961,518,,0
192.168.50.154,54731,150.171.109.226,80,tcp,0.054067373275756836,518,,0
192.168.50.154,54732,150.171.109.226,80,tcp,0.04787445068359375,518,,0
192.168.50.154,54733,150.171.109.226,80,tcp,0.0608673095703125,464,,0
192.168.50.154,54734,150.171.109.226,80,tcp,0.06332778930664062,518,,0
192.168.50.154,54735,150.171.109.226,80,tcp,0.08452296257019043,464,,0
192.168.50.154,54736,150.171.109.226,80,tcp,0.4258689880371094,808,,0
192.168.50.154,54737,150.171.109.226,80,tcp,0.078704833984375,517,,0
192.168.50.154,54738,150.171.109.226,80,tcp,0.06750202178955078,464,,0
192.168.50.154,54739,150.171.109.226,80,tcp,0.060270071029663086,518,,0
192.168.50.154,54740,150.171.109.226,80,tcp,0.1024177074432373,464,,0
192.168.50.154,54741,150.171.109.226,80,tcp,0.09417343139648438,464,,0
192.168.50.154,54742,150.171.109.226,80,tcp,0.09380173683166504,464,,0
192.168.50.154,54743,150.171.109.226,80,tcp,0.43726444244384766,808,,0
192.168.50.154,54744,150.171.109.226,80,tcp,0.08286023139953613,518,,0
192.168.50.154,54745,150.171.109.226,80,tcp,0.08226418495178223,515,,0
192.168.50.154,54746,150.171.109.226,80,tcp,0.10059881210327148,518,,0
192.168.50.154,54747,150.171.109.226,80,tcp,0.0927114486694336,464,,0
192.168.50.154,54748,150.171.109.226,80,tcp,0.07440805435180664,518,,0
192.168.50.154,54749,150.171.109.226,80,tcp,0.0902407169342041,518,,0
192.168.50.154,54750,150.171.109.226,80,tcp,0.08651089668273926,464,,0
192.168.50.154,54751,150.171.109.226,80,tcp,0.06564998626708984,518,,0
192.168.50.154,54752,150.171.109.226,80,tcp,0.0673978328704834,516,,0
192.168.50.154,54753,150.171.109.226,80,tcp,0.054297685623168945,464,,0
192.168.50.154,54754,150.171.109.226,80,tcp,0.07196378707885742,518,,0
192.168.50.154,54755,150.171.109.226,80,tcp,0.0690150260925293,464,,0
192.168.50.154,54756,150.171.109.226,80,tcp,0.054351806640625,464,,0
192.168.50.154,54757,150.171.109.226,80,tcp,0.05092334747314453,518,,0
192.168.50.154,54758,150.171.109.226,80,tcp,0.062270402908325195,464,,0
192.168.50.154,54759,172.178.240.163,443,tcp,0.5449223518371582,17390,,0
192.168.50.154,54760,142.250.188.42,443,tcp,240.11879110336304,3466,,0
192.168.50.154,54761,40.90.8.111,443,tcp,0.3131992816925049,4264,,0
192.168.50.154,54762,150.171.109.226,80,tcp,0.06608295440673828,518,,0
192.168.50.154,54763,23.222.27.55,443,tcp,0.06454944610595703,1435,,0
192.168.50.154,54843,192.168.50.1,53,udp,0.0,92,,0
192.168.50.154,54906,140.82.112.25,443,tcp,599.9948306083679,1445,,0
192.168.50.154,54955,192.168.50.1,53,udp,0.0,92,,0
192.168.50.154,55238,3.232.188.131,443,tcp,40.33436703681946,21239,,0
192.168.50.154,55342,18.214.184.253,443,tcp,60.180065631866455,5413,,0
192.168.50.154,55378,192.168.50.1,53,udp,0.0,94,,0
192.168.50.154,55410,192.168.50.1,53,udp,0.0,79,,0
192.168.50.154,55495,192.168.50.1,53,udp,0.0,80,,0
192.168.50.154,55496,239.255.255.250,1900,udp,3.033597946166992,848,,0
192.168.50.154,55568,18.160.143.87,443,tcp,180.1409125328064,2483,,0
192.168.50.154,55569,23.222.27.67,443,tcp,0.09411025047302246,1489,,0
192.168.50.154,55570,52.123.128.14,443,tcp,72.375652551651,2975,,0
192.168.50.154,55571,20.189.173.26,443,tcp,110.02756547927856,3632,,0
192.168.50.154,55607,192.168.50.1,53,udp,0.0,79,,0
192.168.50.154,55638,150.171.109.226,443,tcp,90.08763480186462,4831,,0
192.168.50.154,55639,150.171.109.226,80,tcp,0.1166226863861084,527,,0
192.168.50.154,55642,150.171.109.225,443,tcp,119.96814203262329,1423,,0
192.168.50.154,55643,192.168.50.1,43615,tcp,0.010220527648925781,501,,0
192.168.50.154,55644,150.171.109.226,80,tcp,0.05877971649169922,518,,0
192.168.50.154,55645,150.171.109.226,80,tcp,0.06388616561889648,518,,0
192.168.50.154,55724,216.239.36.223,443,udp,0.07998466491699219,4501,,0
192.168.50.154,55725,239.255.255.250,1900,udp,3.0199766159057617,848,,0
192.168.50.154,55726,239.255.255.250,1900,udp,3.020240068435669,848,,0
192.168.50.154,55729,216.239.34.223,443,udp,0.07470297813415527,4503,,0
192.168.50.154,55982,13.226.251.5,443,tcp,220.2876718044281,3490,,0
192.168.50.154,56112,192.168.50.1,53,udp,0.0,95,,0
192.168.50.154,56580,142.250.188.46,443,udp,0.0923311710357666,6081,,0
192.168.50.154,56581,239.255.255.250,1900,udp,3.041109561920166,848,,0
192.168.50.154,56582,239.255.255.250,1900,udp,3.039341449737549,848,,0
192.168.50.154,56583,239.255.255.250,1900,udp,3.0194339752197266,848,,0
192.168.50.154,56768,192.168.50.1,53,udp,0.0,77,,0
192.168.50.154,57000,18.160.143.87,443,udp,0.15965580940246582,5545,,0
192.168.50.154,57232,3.169.202.75,443,tcp,59.88774251937866,218,,0
192.168.50.154,57274,150.171.109.226,443,tcp,90.37272524833679,4839,,0
192.168.50.154,57275,13.107.5.93,443,tcp,4.598881721496582,3262,,0
192.168.50.154,57410,192.168.50.1,53,udp,0.0,92,,0
192.168.50.154,57411,239.255.255.250,1900,udp,3.0226752758026123,848,,0
192.168.50.154,57412,239.255.255.250,1900,udp,3.0227582454681396,848,,0
192.168.50.154,57432,54.211.42.217,443,tcp,39.94457173347473,4117,,0
192.168.50.154,57433,13.107.253.66,80,tcp,0.07372283935546875,518,,0
192.168.50.154,57434,13.107.253.66,80,tcp,0.28093576431274414,518,,0
192.168.50.154,57435,52.154.51.12,443,tcp,0.9809470176696777,3135,,0
192.168.50.154,57436,20.189.173.9,443,tcp,110.04740881919861,2199,,0
192.168.50.154,57516,192.168.50.1,53,udp,0.0,91,,0
192.168.50.154,57651,192.168.50.1,53,udp,0.0,91,,0
192.168.50.154,57689,142.251.46.142,443,udp,0.1006174087524414,6155,,0
192.168.50.154,57698,192.168.50.1,53,udp,0.0,74,,0
192.168.50.154,57740,108.156.201.18,443,tcp,135.35752320289612,3270,,0
192.168.50.154,57741,150.171.109.227,80,tcp,0.10749650001525879,518,,0
192.168.50.154,57742,150.171.109.227,80,tcp,0.1076345443725586,518,,0
192.168.50.154,57743,150.171.109.227,80,tcp,0.10667228698730469,518,,0
192.168.50.154,57744,150.171.109.227,80,tcp,0.11536455154418945,518,,0
192.168.50.154,57745,150.171.109.227,80,tcp,0.10692310333251953,464,,0
192.168.50.154,57746,150.171.109.227,80,tcp,0.08472442626953125,518,,0
192.168.50.154,57747,150.171.109.227,80,tcp,0.09505391120910645,518,,0
192.168.50.154,57748,150.171.109.227,80,tcp,0.2625846862792969,803,,0
192.168.50.154,57749,150.171.109.227,80,tcp,0.09338188171386719,518,,0
192.168.50.154,57750,150.171.109.227,80,tcp,0.08379673957824707,517,,0
192.168.50.154,57751,150.171.109.227,80,tcp,0.08426713943481445,464,,0
192.168.50.154,57752,150.171.109.227,80,tcp,0.10912775993347168,518,,0
192.168.50.154,57753,150.171.109.227,80,tcp,0.131150484085083,518,,0
192.168.50.154,57754,150.171.109.227,80,tcp,0.1070246696472168,518,,0
192.168.50.154,57755,150.171.109.227,80,tcp,0.14585137367248535,518,,0
192.168.50.154,57756,150.171.109.227,80,tcp,0.11237120628356934,518,,0
192.168.50.154,57757,150.171.109.227,80,tcp,0.13878536224365234,518,,0
192.168.50.154,57758,150.171.109.227,80,tcp,0.08323884010314941,518,,0
192.168.50.154,57761,150.171.109.226,443,tcp,119.99353742599487,1489,,0
192.168.50.154,57762,150.171.109.227,80,tcp,0.07743978500366211,517,,0
192.168.50.154,57763,150.171.109.227,80,tcp,0.08926796913146973,464,,0
192.168.50.154,57764,150.171.109.227,80,tcp,0.1196279525756836,518,,0
192.168.50.154,57765,150.171.109.227,80,tcp,0.1027064323425293,518,,0
192.168.50.154,57766,150.171.109.227,80,tcp,0.09122109413146973,518,,0
192.168.50.154,57767,150.171.109.227,80,tcp,0.10055136680603027,518,,0
192.168.50.154,57768,150.171.109.227,80,tcp,0.07919192314147949,518,,0
192.168.50.154,57769,150.171.109.227,80,tcp,0.08486533164978027,518,,0
192.168.50.154,57770,150.171.109.227,80,tcp,0.18145465850830078,518,,0
192.168.50.154,57771,150.171.109.227,80,tcp,0.07849717140197754,518,,0
192.168.50.154,57772,150.171.109.227,80,tcp,0.10269379615783691,518,,0
192.168.50.154,57773,150.171.109.227,80,tcp,0.07657909393310547,518,,0
192.168.50.154,57774,150.171.109.227,80,tcp,0.10508441925048828,518,,0
192.168.50.154,57775,150.171.109.227,80,tcp,0.10928893089294434,518,,0
192.168.50.154,57776,150.171.109.227,80,tcp,0.10470032691955566,518,,0
192.168.50.154,57777,150.171.109.227,80,tcp,0.09267497062683105,518,,0
192.168.50.154,57778,150.171.109.227,80,tcp,0.1083228588104248,518,,0
192.168.50.154,57779,150.171.109.227,80,tcp,0.10364007949829102,518,,0
192.168.50.154,57780,150.171.109.227,80,tcp,0.10491466522216797,518,,0
192.168.50.154,57780,192.168.50.1,53,udp,0.0,76,,0
192.168.50.154,57781,150.171.109.227,80,tcp,0.10310173034667969,517,,0
192.168.50.154,57782,150.171.109.227,80,tcp,0.0850982666015625,517,,0
192.168.50.154,57783,150.171.109.227,80,tcp,0.11593842506408691,518,,0
192.168.50.154,57784,150.171.109.227,80,tcp,0.09156298637390137,518,,0
192.168.50.154,57785,150.171.109.227,80,tcp,0.11999845504760742,517,,0
192.168.50.154,57786,150.171.109.227,80,tcp,0.08517837524414062,518,,0
192.168.50.154,57787,150.171.109.227,80,tcp,0.09525799751281738,518,,0
192.168.50.154,57788,150.171.109.227,80,tcp,0.11922502517700195,518,,0
192.168.50.154,57789,150.171.109.227,80,tcp,0.08660769462585449,518,,0
192.168.50.154,57790,150.171.109.227,80,tcp,0.12447524070739746,518,,0
192.168.50.154,57791,150.171.109.227,80,tcp,0.15889549255371094,518,,0
192.168.50.154,57792,150.171.109.227,80,tcp,0.11869406700134277,518,,0
192.168.50.154,57793,150.171.109.227,80,tcp,0.0790555477142334,518,,0
192.168.50.154,57794,150.171.109.227,80,tcp,0.09504103660583496,517,,0
192.168.50.154,57795,150.171.109.227,80,tcp,0.19669222831726074,800,,0
192.168.50.154,57796,150.171.109.227,80,tcp,0.09380650520324707,518,,0
192.168.50.154,57797,150.171.109.227,80,tcp,0.20123744010925293,807,,0
192.168.50.154,57798,150.171.109.227,80,tcp,0.15479707717895508,516,,0
192.168.50.154,57799,150.171.109.227,80,tcp,0.14836502075195312,583,,0
192.168.50.154,57800,150.171.109.227,80,tcp,0.18332314491271973,872,,0
192.168.50.154,57801,150.171.109.227,80,tcp,0.14794611930847168,517,,0
192.168.50.154,57802,150.171.109.227,80,tcp,0.14162778854370117,518,,0
192.168.50.154,57803,150.171.109.227,80,tcp,0.17571544647216797,518,,0
192.168.50.154,57804,150.171.109.227,80,tcp,0.14131712913513184,517,,0
192.168.50.154,57805,150.171.109.227,80,tcp,0.1423177719116211,518,,0
192.168.50.154,57806,150.171.109.227,80,tcp,0.14664816856384277,518,,0
192.168.50.154,57807,150.171.109.227,80,tcp,0.1396956443786621,517,,0
192.168.50.154,57808,150.171.109.227,80,tcp,0.13971590995788574,517,,0
192.168.50.154,57809,150.171.109.227,80,tcp,0.18085122108459473,806,,0
192.168.50.154,57810,150.171.109.227,80,tcp,0.14059090614318848,516,,0
192.168.50.154,57811,150.171.109.227,80,tcp,0.12077641487121582,514,,0
192.168.50.154,57812,150.171.109.227,80,tcp,0.09233403205871582,518,,0
192.168.50.154,57813,150.171.109.227,80,tcp,0.0994255542755127,518,,0
192.168.50.154,57814,150.171.109.227,80,tcp,0.09795308113098145,464,,0
192.168.50.154,57815,150.171.109.227,80,tcp,1.755239486694336,808,,0
192.168.50.154,57816,150.171.109.227,80,tcp,0.11694812774658203,517,,0
192.168.50.154,57817,150.171.109.227,80,tcp,0.1078188419342041,518,,0
192.168.50.154,57818,150.171.109.227,80,tcp,0.8848464488983154,808,,0
192.168.50.154,57819,150.171.109.227,80,tcp,1.209233045578003,862,,0
192.168.50.154,57820,150.171.109.227,80,tcp,0.10172581672668457,517,,0
192.168.50.154,57821,150.171.109.227,80,tcp,0.09342312812805176,518,,0
192.168.50.154,57822,150.171.109.227,80,tcp,1.452366590499878,1095,,0
192.168.50.154,57823,150.171.109.227,80,tcp,0.09278225898742676,518,,0
192.168.50.154,57824,150.171.109.227,80,tcp,0.12175536155700684,518,,0
192.168.50.154,57825,150.171.109.227,80,tcp,0.08507013320922852,518,,0
192.168.50.154,57826,150.171.109.227,80,tcp,0.15068626403808594,518,,0
192.168.50.154,57827,150.171.109.227,80,tcp,0.07913756370544434,518,,0
192.168.50.154,57828,150.171.109.227,80,tcp,0.11188745498657227,518,,0
192.168.50.154,57829,20.190.190.195,443,tcp,0.33984923362731934,5635,,0
192.168.50.154,57830,20.190.190.195,443,tcp,0.3393130302429199,5516,,0
192.168.50.154,57831,20.190.190.195,443,tcp,0.37679076194763184,5574,,0
192.168.50.154,57832,150.171.109.227,80,tcp,0.11105132102966309,518,,0
192.168.50.154,57833,150.171.109.227,80,tcp,0.11293697357177734,518,,0
192.168.50.154,57834,150.171.109.227,80,tcp,0.18549728393554688,518,,0
192.168.50.154,57835,150.171.109.227,80,tcp,0.1455850601196289,518,,0
192.168.50.154,57836,150.171.109.227,80,tcp,0.10136008262634277,518,,0
192.168.50.154,57837,150.171.109.227,80,tcp,0.11051440238952637,518,,0
192.168.50.154,57838,150.171.109.227,80,tcp,0.08780741691589355,518,,0
192.168.50.154,57839,150.171.109.227,80,tcp,0.09673023223876953,518,,0
192.168.50.154,57840,150.171.109.227,80,tcp,0.0961005687713623,516,,0
192.168.50.154,57841,150.171.109.227,80,tcp,0.09695959091186523,518,,0
192.168.50.154,57842,150.171.109.227,80,tcp,0.08501529693603516,518,,0
192.168.50.154,57843,150.171.109.227,80,tcp,0.12412619590759277,518,,0
192.168.50.154,57844,150.171.109.227,80,tcp,0.09073519706726074,518,,0
192.168.50.154,57845,150.171.109.227,80,tcp,0.3840165138244629,517,,0
192.168.50.154,57846,150.171.109.227,80,tcp,0.13100194931030273,518,,0
192.168.50.154,57847,150.171.109.227,80,tcp,0.10569548606872559,518,,0
192.168.50.154,57848,150.171.109.227,80,tcp,0.10046577453613281,518,,0
192.168.50.154,57849,150.171.109.227,80,tcp,0.0911245346069336,518,,0
192.168.50.154,57850,150.171.109.227,80,tcp,0.08491039276123047,518,,0
192.168.50.154,57851,150.171.109.227,80,tcp,0.11411881446838379,518,,0
192.168.50.154,57852,150.171.109.227,80,tcp,0.09409618377685547,518,,0
192.168.50.154,57853,150.171.109.227,80,tcp,0.09103536605834961,518,,0
192.168.50.154,57854,13.107.253.66,80,tcp,0.06537628173828125,518,,0
192.168.50.154,57855,13.107.253.66,80,tcp,0.06343245506286621,518,,0
192.168.50.154,57856,13.107.253.66,80,tcp,0.08517169952392578,518,,0
192.168.50.154,57857,13.107.253.66,80,tcp,0.07975101470947266,518,,0
192.168.50.154,57858,13.107.253.66,80,tcp,0.05944085121154785,518,,0
192.168.50.154,57859,13.107.253.66,80,tcp,0.09318184852600098,518,,0
192.168.50.154,57860,13.107.253.66,80,tcp,0.08555793762207031,518,,0
192.168.50.154,57861,13.107.253.66,80,tcp,0.0891122817993164,518,,0
192.168.50.154,57862,13.107.253.66,80,tcp,0.0987849235534668,518,,0
192.168.50.154,58225,192.168.50.1,53,udp,0.0,78,,0
192.168.50.154,58320,23.38.100.175,443,tcp,147.99985218048096,328,,0
192.168.50.154,58332,192.168.50.1,53,udp,0.0,80,,0
192.168.50.154,58461,192.168.50.1,53,udp,0.0,95,,0
192.168.50.154,58479,192.168.50.1,53,udp,0.0,95,,0
192.168.50.154,58504,107.22.230.248,443,tcp,0.000194549560546875,108,,0
192.168.50.154,58527,40.65.111.94,443,tcp,127.90328407287598,861,,0
192.168.50.154,58545,192.168.50.1,53,udp,0.0,80,,0
192.168.50.154,58578,239.255.255.250,1900,udp,3.0354421138763428,848,,0
192.168.50.154,58599,34.104.35.123,80,tcp,0.01835012435913086,108,,0
192.168.50.154,58608,150.171.109.226,80,tcp,0.052889347076416016,515,,0
192.168.50.154,58609,34.104.35.123,80,tcp,0.09766483306884766,542,,0
192.168.50.154,58610,192.168.50.1,43615,tcp,0.012453794479370117,478,,0
192.168.50.154,58611,192.168.50.1,43615,tcp,0.01227569580078125,500,,0
192.168.50.154,58612,192.168.50.1,43615,tcp,0.012357234954833984,960,,0
192.168.50.154,58613,192.168.50.1,43615,tcp,0.01111912727355957,968,,0
192.168.50.154,58614,192.168.50.1,43615,tcp,0.01168060302734375,478,,0
192.168.50.154,58615,192.168.50.1,43615,tcp,0.007345914840698242,500,,0
192.168.50.154,58616,192.168.50.1,43615,tcp,0.009966850280761719,960,,0
192.168.50.154,58617,192.168.50.1,43615,tcp,0.01160883903503418,968,,0
192.168.50.154,58618,192.168.50.1,43615,tcp,0.008349180221557617,960,,0
192.168.50.154,58619,192.168.50.1,43615,tcp,0.011226654052734375,968,,0
192.168.50.154,58620,192.168.50.1,43615,tcp,0.01326894760131836,960,,0
192.168.50.154,58621,192.168.50.1,43615,tcp,0.010013103485107422,968,,0
192.168.50.154,58622,34.104.35.123,80,tcp,16.94277834892273,755,,0
192.168.50.154,58623,192.168.50.1,43615,tcp,0.007300376892089844,960,,0
192.168.50.154,58624,192.168.50.1,43615,tcp,0.009258270263671875,968,,0
192.168.50.154,58625,192.168.50.1,43615,tcp,0.008640527725219727,960,,0
192.168.50.154,58626,192.168.50.1,43615,tcp,0.009665489196777344,968,,0
192.168.50.154,58627,192.168.50.1,43615,tcp,0.013622522354125977,960,,0
192.168.50.154,58628,192.168.50.1,43615,tcp,0.011756420135498047,968,,0
192.168.50.154,58631,150.171.109.225,443,tcp,120.06086897850037,1621,,0
192.168.50.154,58632,192.168.50.1,43615,tcp,0.008713006973266602,501,,0
192.168.50.154,58633,192.168.50.1,43615,tcp,0.009669780731201172,501,,0
192.168.50.154,58634,150.171.109.226,80,tcp,0.09152793884277344,514,,0
192.168.50.154,58635,150.171.109.226,80,tcp,0.07698607444763184,518,,0
192.168.50.154,58636,150.171.109.226,80,tcp,0.07610940933227539,518,,0
192.168.50.154,58637,150.171.109.226,80,tcp,0.07738780975341797,518,,0
192.168.50.154,58638,150.171.109.226,80,tcp,0.06614160537719727,518,,0
192.168.50.154,58639,150.171.109.226,80,tcp,0.1314830780029297,806,,0
192.168.50.154,58640,150.171.109.226,80,tcp,0.06963205337524414,516,,0
192.168.50.154,58641,150.171.109.226,80,tcp,0.05808615684509277,464,,0
192.168.50.154,58642,150.171.109.226,80,tcp,0.08000040054321289,517,,0
192.168.50.154,58643,150.171.109.226,80,tcp,0.08504581451416016,518,,0
192.168.50.154,58644,150.171.109.226,80,tcp,0.06931710243225098,518,,0
192.168.50.154,58645,150.171.109.226,80,tcp,0.11154842376708984,517,,0
192.168.50.154,58646,150.171.109.226,80,tcp,0.06848812103271484,518,,0
192.168.50.154,58647,150.171.109.226,80,tcp,0.11640167236328125,518,,0
192.168.50.154,58648,150.171.109.226,80,tcp,0.14777350425720215,807,,0
192.168.50.154,58649,150.171.109.226,80,tcp,0.36024999618530273,808,,0
192.168.50.154,58650,150.171.109.226,80,tcp,0.06374239921569824,516,,0
192.168.50.154,58651,150.171.109.226,80,tcp,0.6034300327301025,805,,0
192.168.50.154,58652,150.171.109.226,80,tcp,0.0773472785949707,518,,0
192.168.50.154,58653,150.171.109.226,80,tcp,0.05888819694519043,517,,0
192.168.50.154,58654,150.171.109.226,80,tcp,0.08007121086120605,464,,0
192.168.50.154,58655,150.171.109.226,80,tcp,0.05826425552368164,518,,0
192.168.50.154,58656,150.171.109.226,80,tcp,0.04598879814147949,518,,0
192.168.50.154,58657,150.171.109.226,80,tcp,0.0523984432220459,518,,0
192.168.50.154,58658,150.171.109.226,80,tcp,0.04873490333557129,518,,0
192.168.50.154,58659,150.171.109.226,80,tcp,0.05541801452636719,518,,0
192.168.50.154,58660,150.171.109.226,80,tcp,0.051131248474121094,518,,0
192.168.50.154,58661,150.171.109.226,80,tcp,0.06414508819580078,518,,0
192.168.50.154,58662,150.171.109.226,80,tcp,0.04610133171081543,464,,0
192.168.50.154,58663,150.171.109.226,80,tcp,0.09782648086547852,464,,0
192.168.50.154,58664,150.171.109.226,80,tcp,0.10062265396118164,518,,0
192.168.50.154,58665,150.171.109.226,80,tcp,0.06354689598083496,518,,0
192.168.50.154,58666,150.171.109.226,80,tcp,0.06241297721862793,518,,0
192.168.50.154,58667,150.171.109.226,80,tcp,0.05903816223144531,464,,0
192.168.50.154,58668,150.171.109.226,80,tcp,0.06122326850891113,518,,0
192.168.50.154,58669,150.171.109.226,80,tcp,0.05693173408508301,518,,0
192.168.50.154,58670,150.171.109.226,80,tcp,0.05861544609069824,518,,0
192.168.50.154,58671,150.171.109.226,80,tcp,0.05572795867919922,518,,0
192.168.50.154,58672,150.171.109.226,80,tcp,0.06402826309204102,518,,0
192.168.50.154,58673,150.171.109.226,80,tcp,0.03783226013183594,518,,0
192.168.50.154,58674,150.171.109.226,80,tcp,0.05271792411804199,518,,0
192.168.50.154,58675,150.171.109.226,80,tcp,0.04655027389526367,518,,0
192.168.50.154,58676,150.171.109.226,80,tcp,0.0642693042755127,518,,0
192.168.50.154,58677,150.171.109.226,80,tcp,0.06510782241821289,464,,0
192.168.50.154,58678,150.171.109.226,80,tcp,0.06569123268127441,518,,0
192.168.50.154,58679,150.171.109.226,80,tcp,0.07408547401428223,518,,0
192.168.50.154,58680,150.171.109.226,80,tcp,0.10186314582824707,802,,0
192.168.50.154,58681,150.171.109.226,80,tcp,0.07515811920166016,518,,0
192.168.50.154,58682,150.171.109.226,80,tcp,0.04413580894470215,518,,0
192.168.50.154,58683,150.171.109.226,80,tcp,0.05529594421386719,515,,0
192.168.50.154,58684,150.171.109.226,80,tcp,0.05459427833557129,518,,0
192.168.50.154,58685,150.171.109.226,80,tcp,0.04395103454589844,517,,0
192.168.50.154,58686,150.171.109.226,80,tcp,0.050635337829589844,518,,0
192.168.50.154,58687,150.171.109.226,80,tcp,0.3610074520111084,638,,0
192.168.50.154,58688,34.104.35.123,80,tcp,0.0778040885925293,579,,0
192.168.50.154,58689,192.168.50.1,43615,tcp,0.011060714721679688,424,,0
192.168.50.154,58690,192.168.50.1,43615,tcp,0.01543426513671875,500,,0
192.168.50.154,58691,192.168.50.1,43615,tcp,0.00756382942199707,960,,0
192.168.50.154,58692,192.168.50.1,43615,tcp,0.011500358581542969,968,,0
192.168.50.154,58693,192.168.50.1,43615,tcp,0.008901596069335938,478,,0
192.168.50.154,58694,192.168.50.1,53,udp,0.0,79,,0
192.168.50.154,58694,192.168.50.1,43615,tcp,0.014847278594970703,500,,0
192.168.50.154,58695,192.168.50.1,43615,tcp,0.006131172180175781,960,,0
192.168.50.154,58696,192.168.50.1,43615,tcp,0.011489629745483398,968,,0
192.168.50.154,58697,192.168.50.1,43615,tcp,0.008922100067138672,960,,0
192.168.50.154,58698,192.168.50.1,43615,tcp,0.008284807205200195,968,,0
192.168.50.154,58699,192.168.50.1,43615,tcp,0.01161503791809082,960,,0
192.168.50.154,58700,192.168.50.1,43615,tcp,0.006662607192993164,968,,0
192.168.50.154,58701,34.104.35.123,80,tcp,110.02681064605713,1530,,0
192.168.50.154,58702,192.168.50.1,43615,tcp,0.0184478759765625,960,,0
192.168.50.154,58703,192.168.50.1,43615,tcp,0.009052038192749023,968,,0
192.168.50.154,58704,192.168.50.1,43615,tcp,0.002053499221801758,960,,0
192.168.50.154,58705,192.168.50.1,43615,tcp,0.00914454460144043,968,,0
192.168.50.154,58706,192.168.50.1,43615,tcp,0.022638559341430664,960,,0
192.168.50.154,58707,192.168.50.1,43615,tcp,0.003557920455932617,968,,0
192.168.50.154,58708,192.168.50.1,43615,tcp,0.010608434677124023,501,,0
192.168.50.154,58709,192.168.50.1,43615,tcp,0.016350746154785156,501,,0
192.168.50.154,58710,150.171.109.226,80,tcp,0.05147719383239746,518,,0
192.168.50.154,58711,150.171.109.226,80,tcp,0.0653524398803711,518,,0
192.168.50.154,58844,192.168.50.1,53,udp,0.0,90,,0
192.168.50.154,58903,192.168.50.1,53,udp,0.0,78,,0
192.168.50.154,58952,142.251.183.188,5228,tcp,584.8592524528503,849,,0
192.168.50.154,59160,142.251.46.138,443,udp,0.07970452308654785,5150,,0
192.168.50.154,59628,192.168.50.1,53,udp,0.0,88,,0
192.168.50.154,59697,216.239.38.223,443,udp,0.08117842674255371,4602,,0
192.168.50.154,59851,3.210.243.234,443,tcp,0.0001926422119140625,108,,0
192.168.50.154,60037,192.168.50.1,53,udp,0.0,77,,0
192.168.50.154,60088,192.168.50.1,53,udp,0.0,74,,0
192.168.50.154,60390,142.251.46.138,443,udp,180.993332862854,7928,,0
192.168.50.154,60754,192.168.50.1,53,udp,0.0,91,,0
192.168.50.154,61015,142.251.46.142,443,udp,0.07476449012756348,6078,,0
192.168.50.154,61016,239.255.255.250,1900,udp,3.032625913619995,848,,0
192.168.50.154,61017,239.255.255.250,1900,udp,3.0314042568206787,848,,0
192.168.50.154,61098,192.168.50.1,53,udp,0.0,76,,0
192.168.50.154,61375,44.250.91.74,443,tcp,10.12563157081604,4085,,0
192.168.50.154,61378,150.171.109.225,443,tcp,119.98562407493591,1675,,0
192.168.50.154,61379,40.90.8.111,443,tcp,88.10571455955505,4373,,0
192.168.50.154,61380,72.153.5.63,443,tcp,63.636727809906006,2118,,0
192.168.50.154,61381,20.44.239.154,443,tcp,1.2455480098724365,1947,,0
192.168.50.154,61382,18.238.136.87,443,tcp,0.12262916564941406,862,,0
192.168.50.154,61383,18.238.136.87,443,tcp,100.09030532836914,889,,0
192.168.50.154,61384,20.189.173.26,443,tcp,110.0329270362854,2210,,0
192.168.50.154,61385,52.168.117.168,443,tcp,109.85315942764282,2214,,0
192.168.50.154,61513,192.168.50.1,53,udp,0.0,95,,0
192.168.50.154,61712,192.168.50.1,53,udp,0.0,79,,0
192.168.50.154,61859,192.168.50.1,53,udp,0.0,92,,0
192.168.50.154,61939,142.251.35.138,443,udp,0.11005830764770508,4948,,0
192.168.50.154,62393,192.168.50.1,53,udp,0.0,81,,0
192.168.50.154,62523,192.168.50.1,53,udp,0.0,81,,0
192.168.50.154,62593,142.250.72.195,443,udp,0.04716753959655762,1714,,0
192.168.50.154,62658,192.168.50.1,53,udp,0.0,91,,0
192.168.50.154,62760,44.205.116.251,443,tcp,40.471750259399414,9156,,0
192.168.50.154,62761,13.107.253.66,80,tcp,0.0810697078704834,518,,0
192.168.50.154,62927,13.226.251.57,443,tcp,135.1547064781189,3327,,0
192.168.50.154,63476,192.168.50.1,53,udp,0.0,95,,0
192.168.50.154,63514,142.251.183.84,443,udp,0.2696530818939209,7748,,0
192.168.50.154,63673,192.168.50.1,53,udp,0.0,94,,0
192.168.50.154,63707,3.169.202.51,443,tcp,0.08001422882080078,2995,,0
192.168.50.154,64052,192.168.50.1,53,udp,0.0,88,,0
192.168.50.154,64267,192.168.50.1,53,udp,0.0,95,,0
192.168.50.154,64709,192.168.50.1,53,udp,0.0,80,,0
192.168.50.154,64767,142.251.46.142,443,udp,0.07264518737792969,6079,,0
192.168.50.154,64959,13.226.251.64,443,tcp,59.92901539802551,218,,0
192.168.50.154,64969,142.250.188.42,443,udp,407.03730726242065,4450,,0
192.168.50.154,65108,140.82.112.25,443,tcp,599.9931199550629,1442,,0
192.168.50.154,65142,173.194.195.84,443,udp,0.20804500579833984,7759,,0
192.168.50.154,65178,192.168.50.1,53,udp,0.0,90,,0
192.168.50.154,65222,192.168.50.1,53,udp,0.0,79,,0
192.168.50.154,65336,23.15.252.7,443,tcp,319.83412528038025,494,,0
192.168.50.154,65374,216.239.38.223,443,udp,0.08022093772888184,5968,,0
199.46.35.129,443,192.168.50.154,52066,tcp,100.08103799819946,858,,0
20.189.173.26,443,192.168.50.154,55571,tcp,109.9840521812439,8039,,0
20.189.173.26,443,192.168.50.154,61384,tcp,109.99090838432312,7539,,0
20.189.173.9,443,192.168.50.154,57436,tcp,110.00678563117981,7593,,0
20.190.190.195,443,192.168.50.154,57829,tcp,0.2685527801513672,8896,,0
20.190.190.195,443,192.168.50.154,57830,tcp,0.23524904251098633,6813,,0
20.190.190.195,443,192.168.50.154,57831,tcp,0.28983259201049805,9058,,0
20.252.51.151,443,192.168.50.154,52043,tcp,0.00019693374633789062,132,,0
20.44.239.154,443,192.168.50.154,61381,tcp,1.0462403297424316,4942,,0
20.59.87.225,443,192.168.50.154,49704,tcp,490.1143112182617,198,,0
216.239.32.223,443,192.168.50.154,49279,tcp,0.0,54,,0
216.239.34.223,443,192.168.50.154,55729,udp,0.08899474143981934,4895,,0
216.239.36.223,443,192.168.50.154,55724,udp,0.09203410148620605,4918,,0
216.239.38.223,443,192.168.50.154,50829,udp,0.09678864479064941,4860,,0
216.239.38.223,443,192.168.50.154,51311,udp,0.08574843406677246,6078,,0
216.239.38.223,443,192.168.50.154,59697,udp,0.08769464492797852,4862,,0
216.239.38.223,443,192.168.50.154,65374,udp,0.09577608108520508,6084,,0
23.15.252.7,443,192.168.50.154,65336,tcp,319.83455657958984,636,,0
23.222.27.55,443,192.168.50.154,54763,tcp,0.04849600791931152,6945,,0
23.222.27.67,443,192.168.50.154,55569,tcp,0.07684183120727539,7024,,0
23.38.100.134,443,192.168.50.154,53951,tcp,135.11317253112793,1663,,0
23.38.100.175,443,192.168.50.154,58320,tcp,147.98648762702942,396,,0
3.169.202.51,443,192.168.50.154,63707,tcp,0.0662841796875,2552,,0
3.169.202.6,443,192.168.50.154,49177,tcp,100.08557295799255,1042,,0
3.169.202.75,443,192.168.50.154,57232,tcp,59.880675077438354,333,,0
3.210.243.234,443,192.168.50.154,59851,tcp,0.04439115524291992,279,,0
3.232.188.131,443,192.168.50.154,55238,tcp,40.283740520477295,9588,,0
34.104.35.123,80,192.168.50.154,58599,tcp,0.0,54,,0
34.104.35.123,80,192.168.50.154,58609,tcp,0.077056884765625,849,,0
34.104.35.123,80,192.168.50.154,58622,tcp,16.927050352096558,34127,,0
34.104.35.123,80,192.168.50.154,58688,tcp,0.06432557106018066,875,,0
34.104.35.123,80,192.168.50.154,58701,tcp,110.00836491584778,191540,,0
34.200.163.181,443,192.168.50.154,53242,tcp,60.18824481964111,1800,,0
34.200.163.181,443,192.168.50.154,54696,tcp,60.18916964530945,5999,,0
34.239.10.206,443,192.168.50.154,51889,tcp,60.19064664840698,8299,,0
40.65.111.94,443,192.168.50.154,58527,tcp,127.86464524269104,67184,,0
40.65.111.94,443,192.168.50.154,58528,tcp,0.0,54,,0
40.90.8.111,443,192.168.50.154,54761,tcp,121.88360071182251,9312,,0
40.90.8.111,443,192.168.50.154,61379,tcp,88.06749939918518,9311,,0
40.90.8.20,443,192.168.50.154,52065,tcp,89.88005805015564,638,,0
44.205.116.251,443,192.168.50.154,62760,tcp,40.42196249961853,7888,,0
44.250.91.74,443,192.168.50.154,61375,tcp,10.124104022979736,4659,,0
52.123.128.14,443,192.168.50.154,53952,tcp,66.57828378677368,10242,,0
52.123.128.14,443,192.168.50.154,55570,tcp,72.36070442199707,11277,,0
52.123.249.54,443,192.168.50.154,53647,tcp,353.3256666660309,582,,0
52.154.51.12,443,192.168.50.154,57435,tcp,0.9516792297363281,11515,,0
52.168.112.66,443,192.168.50.154,52967,tcp,81.28135275840759,186,,0
52.168.117.168,443,192.168.50.154,61385,tcp,109.7884087562561,7539,,0
54.208.106.41,443,192.168.50.154,51878,tcp,60.17681527137756,5877,,0
54.211.42.217,443,192.168.50.154,57432,tcp,39.893537759780884,5603,,0
72.153.5.63,443,192.168.50.154,61380,tcp,63.571839809417725,3666,,0
