0.0.0.0,68,255.255.255.255,67,udp,0.0,342,,0
100.22.103.209,443,192.168.50.154,63338,tcp,10.122915029525757,4714,,0
100.23.228.58,443,192.168.50.154,63158,tcp,10.133450508117676,4791,,0
100.50.251.221,443,192.168.50.154,59703,tcp,60.2479407787323,7993,,0
100.51.143.210,443,192.168.50.154,55175,tcp,60.16742157936096,5877,,0
100.92.106.243,0,192.168.50.154,0,udp,0.0,134,,0
104.18.156.37,443,192.168.50.154,57810,tcp,279.95654129981995,450,,0
104.18.156.37,443,192.168.50.154,58540,tcp,241.0529749393463,23094,,0
13.104.183.119,0,192.168.50.154,0,udp,0.0,134,,0
13.107.253.66,443,192.168.50.154,58336,tcp,90.10261344909668,71353,,0
13.107.253.66,443,192.168.50.154,59033,tcp,90.10277557373047,9281,,0
13.107.5.93,443,192.168.50.154,64039,tcp,126.96114897727966,7504,,0
13.107.5.93,443,192.168.50.154,64231,tcp,4.567048788070679,12975,,0
13.217.251.231,443,192.168.50.154,51271,tcp,60.168142557144165,5877,,0
13.226.251.118,443,192.168.50.154,50295,tcp,240.07153987884521,2968,,0
13.226.251.118,443,192.168.50.154,63270,tcp,45.17538905143738,2625,,0
13.226.251.29,443,192.168.50.154,59466,tcp,0.17026662826538086,6885,,0
13.226.251.37,443,192.168.50.154,63274,tcp,0.06311392784118652,1759,,0
13.226.251.47,443,192.168.50.154,55288,tcp,0.41588759422302246,6808,,0
13.226.251.47,443,192.168.50.154,55290,tcp,0.22571802139282227,6381,,0
13.226.251.47,443,192.168.50.154,58340,tcp,0.2249765396118164,6381,,0
13.226.251.47,443,192.168.50.154,58341,tcp,0.18707275390625,6327,,0
13.226.251.47,443,192.168.50.154,58343,tcp,0.21487641334533691,6327,,0
13.226.251.47,443,192.168.50.154,58344,tcp,0.24692511558532715,6327,,0
13.226.251.47,443,192.168.50.154,58345,tcp,0.2252354621887207,6249,,0
13.226.251.47,443,192.168.50.154,59888,tcp,0.1998119354248047,6327,,0
13.226.251.47,443,192.168.50.154,60317,tcp,0.430814266204834,6249,,0
13.226.251.5,443,192.168.50.154,53277,tcp,240.07483315467834,2914,,0
13.226.251.5,443,192.168.50.154,56313,tcp,240.06627583503723,2967,,0
13.226.251.5,443,192.168.50.154,60315,tcp,240.06864047050476,2914,,0
13.226.251.57,443,192.168.50.154,55241,tcp,14.841947078704834,267,,0
13.226.251.57,443,192.168.50.154,55695,tcp,100.22267150878906,4252,,0
13.226.251.64,443,192.168.50.154,51812,tcp,240.06759881973267,2967,,0
13.226.251.74,443,192.168.50.154,58537,tcp,0.23418092727661133,6249,,0
13.226.251.74,443,192.168.50.154,58544,tcp,0.21368026733398438,6327,,0
13.226.251.74,443,192.168.50.154,58546,tcp,0.22168684005737305,6327,,0
13.226.251.74,443,192.168.50.154,58547,tcp,0.20705485343933105,6327,,0
13.226.251.74,443,192.168.50.154,58548,tcp,0.1885206699371338,8281,,0
13.226.251.74,443,192.168.50.154,58550,tcp,0.22948241233825684,6327,,0
13.226.251.74,443,192.168.50.154,62101,tcp,0.23505425453186035,6531,,0
13.226.251.74,443,192.168.50.154,62102,tcp,0.1882944107055664,8287,,0
13.226.251.74,443,192.168.50.154,62105,tcp,0.19921612739562988,6373,,0
13.226.251.74,443,192.168.50.154,62106,tcp,0.4344017505645752,6378,,0
13.226.251.74,443,192.168.50.154,62108,tcp,0.20241189002990723,6296,,0
13.226.251.74,443,192.168.50.154,62109,tcp,0.19066929817199707,6333,,0
13.226.251.74,443,192.168.50.154,62110,tcp,0.2141425609588623,6309,,0
13.226.251.74,443,192.168.50.154,62111,tcp,0.19902467727661133,6394,,0
13.226.251.74,443,192.168.50.154,62112,tcp,0.20130515098571777,6346,,0
13.226.251.74,443,192.168.50.154,62113,tcp,0.20556259155273438,8197,,0
13.226.251.74,443,192.168.50.154,62114,tcp,0.19761991500854492,6378,,0
13.226.251.74,443,192.168.50.154,62115,tcp,0.22792768478393555,6327,,0
13.226.251.74,443,192.168.50.154,62117,tcp,0.20183396339416504,6587,,0
13.226.251.74,443,192.168.50.154,62119,tcp,0.19005894660949707,6373,,0
13.226.251.89,443,192.168.50.154,50666,tcp,0.23033475875854492,6327,,0
13.226.251.89,443,192.168.50.154,51750,tcp,0.20077776908874512,6327,,0
13.226.251.89,443,192.168.50.154,53283,tcp,0.22763347625732422,6381,,0
13.226.251.89,443,192.168.50.154,53284,tcp,0.1872391700744629,6327,,0
13.226.251.89,443,192.168.50.154,53286,tcp,0.4524691104888916,6357,,0
13.226.251.89,443,192.168.50.154,60812,tcp,0.19784307479858398,6303,,0
13.226.251.89,443,192.168.50.154,60813,tcp,0.201751708984375,6303,,0
13.226.251.89,443,192.168.50.154,60815,tcp,0.2111339569091797,6327,,0
13.226.251.89,443,192.168.50.154,60816,tcp,0.22618460655212402,6327,,0
13.226.251.89,443,192.168.50.154,60817,tcp,0.2003779411315918,6327,,0
13.226.251.89,443,192.168.50.154,60818,tcp,0.19440770149230957,8281,,0
13.226.251.89,443,192.168.50.154,63819,tcp,0.23384308815002441,6327,,0
13.226.251.89,443,192.168.50.154,63820,tcp,0.23018980026245117,6327,,0
13.226.251.89,443,192.168.50.154,64234,tcp,0.20241308212280273,8287,,0
13.226.251.9,443,192.168.50.154,50687,tcp,0.21020817756652832,6327,,0
13.226.251.95,443,192.168.50.154,62020,tcp,149.89522099494934,465,,0
13.89.179.13,443,192.168.50.154,61575,tcp,109.77643299102783,7592,,0
13.89.179.8,443,192.168.50.154,52875,tcp,3.6282033920288086,7225,,0
13.89.179.8,443,192.168.50.154,52876,tcp,100.70533514022827,7592,,0
140.82.112.26,443,192.168.50.154,57697,tcp,1140.2035114765167,8180,,0
140.82.112.26,443,192.168.50.154,58277,tcp,2.213075637817383,4528,,0
140.82.112.3,443,192.168.50.154,55485,tcp,30.19368553161621,14216,,0
140.82.112.4,443,192.168.50.154,60682,tcp,0.3288390636444092,5328,,0
140.82.112.4,443,192.168.50.154,60685,tcp,0.27530431747436523,5413,,0
140.82.112.5,443,192.168.50.154,58535,tcp,30.43274974822998,5672,,0
140.82.113.26,443,192.168.50.154,61449,tcp,1156.9313850402832,4196,,0
140.82.113.5,443,192.168.50.154,52083,tcp,11.821545362472534,5220,,0
140.82.113.5,443,192.168.50.154,54930,tcp,30.264132738113403,5271,,0
140.82.113.6,443,192.168.50.154,50060,tcp,30.25196671485901,5219,,0
140.82.113.6,443,192.168.50.154,62676,tcp,31.208858251571655,8745,,0
140.82.114.25,443,192.168.50.154,53049,tcp,1380.2119717597961,8982,,0
140.82.114.25,443,192.168.50.154,59566,tcp,2.2294182777404785,4526,,0
140.82.114.26,443,192.168.50.154,51709,tcp,916.9518518447876,3393,,0
140.82.114.5,443,192.168.50.154,53950,tcp,30.246240377426147,5641,,0
140.82.114.6,443,192.168.50.154,52764,tcp,30.273179054260254,5167,,0
140.82.114.6,443,192.168.50.154,63817,tcp,30.2689528465271,5275,,0
142.250.125.84,443,192.168.50.154,52913,udp,0.21851062774658203,8956,,0
142.250.188.36,443,192.168.50.154,57394,udp,0.026705026626586914,4321,,0
142.250.188.42,443,192.168.50.154,52688,udp,0.19673800468444824,6432,,0
142.250.188.42,443,192.168.50.154,58338,tcp,0.17452692985534668,6453,,0
142.250.188.42,443,192.168.50.154,58339,tcp,0.1785411834716797,6452,,0
142.250.188.42,443,192.168.50.154,58342,tcp,0.16727519035339355,6398,,0
142.250.188.42,443,192.168.50.154,60814,tcp,0.18687820434570312,6452,,0
142.250.188.42,443,192.168.50.154,60820,tcp,0.18679189682006836,6506,,0
142.250.188.42,443,192.168.50.154,60822,tcp,0.38646507263183594,6344,,0
142.250.188.46,443,192.168.50.154,54117,udp,0.14127445220947266,8996,,0
142.250.188.46,443,192.168.50.154,56262,udp,0.06319379806518555,7590,,0
142.250.188.46,443,192.168.50.154,56548,udp,0.09765768051147461,7675,,0
142.250.188.46,443,192.168.50.154,59541,udp,0.09378743171691895,7705,,0
142.250.188.46,443,192.168.50.154,64134,udp,0.11833024024963379,9219,,0
142.250.188.46,443,192.168.50.154,64602,udp,0.07755637168884277,7780,,0
142.250.72.195,80,192.168.50.154,55696,tcp,60.428961992263794,728,,0
142.250.72.195,443,192.168.50.154,64117,tcp,11.719777822494507,7290,,0
142.250.72.202,443,192.168.50.154,49418,udp,0.06474661827087402,6103,,0
142.250.72.202,443,192.168.50.154,53278,tcp,0.7054991722106934,6452,,0
142.250.72.202,443,192.168.50.154,53281,tcp,0.10665369033813477,6398,,0
142.250.72.202,443,192.168.50.154,53285,tcp,0.18006253242492676,6560,,0
142.250.72.202,443,192.168.50.154,53532,udp,0.07808709144592285,4740,,0
142.250.72.202,443,192.168.50.154,54236,udp,0.07660746574401855,6111,,0
142.250.72.202,443,192.168.50.154,56947,tcp,0.15749120712280273,6505,,0
142.250.72.202,443,192.168.50.154,57448,udp,0.061570167541503906,4731,,0
142.250.72.202,443,192.168.50.154,58162,udp,0.0773468017578125,4737,,0
142.250.72.202,443,192.168.50.154,62506,udp,0.21730804443359375,6492,,0
142.250.72.202,443,192.168.50.154,63582,udp,880.3374493122101,26136,,0
142.250.72.202,443,192.168.50.154,63985,udp,0.054778099060058594,6110,,0
142.250.72.202,443,192.168.50.154,64233,tcp,0.16272711753845215,6452,,0
142.250.72.206,80,192.168.50.154,64114,tcp,100.10116696357727,1942,,0
142.250.72.206,443,192.168.50.154,49354,udp,0.1408987045288086,9135,,0
142.250.72.206,443,192.168.50.154,51399,udp,0.13331890106201172,7732,,0
142.250.72.206,443,192.168.50.154,52380,udp,0.07662796974182129,7543,,0
142.250.72.206,443,192.168.50.154,55293,udp,0.07996773719787598,7692,,0
142.250.72.206,443,192.168.50.154,59634,udp,0.07193112373352051,7651,,0
142.250.72.206,443,192.168.50.154,60924,udp,0.1006319522857666,9077,,0
142.250.72.206,443,192.168.50.154,61611,udp,0.11107182502746582,7775,,0
142.250.72.206,443,192.168.50.154,63893,udp,0.06154131889343262,7798,,0
142.251.153.119,443,192.168.50.154,55938,udp,0.040891408920288086,4323,,0
142.251.153.119,443,192.168.50.154,55957,udp,0.03128790855407715,4324,,0
142.251.156.119,443,192.168.50.154,60376,udp,0.02565312385559082,5695,,0
142.251.183.188,5228,192.168.50.154,58952,tcp,2294.8164665699005,3636,,0
142.251.183.84,443,192.168.50.154,50449,udp,0.21143388748168945,9403,,0
142.251.183.84,443,192.168.50.154,54854,udp,0.21608519554138184,8137,,0
142.251.35.132,443,192.168.50.154,64816,udp,0.02637648582458496,5703,,0
142.251.35.138,443,192.168.50.154,49439,udp,0.1027834415435791,6172,,0
142.251.35.138,443,192.168.50.154,50542,udp,0.06572794914245605,6107,,0
142.251.35.138,443,192.168.50.154,50664,tcp,0.18170785903930664,6572,,0
142.251.35.138,443,192.168.50.154,50665,tcp,0.17645573616027832,6453,,0
142.251.35.138,443,192.168.50.154,56314,tcp,0.31856775283813477,6397,,0
142.251.35.138,443,192.168.50.154,62103,tcp,0.15228056907653809,6507,,0
142.251.35.138,443,192.168.50.154,62116,tcp,0.4239182472229004,6398,,0
142.251.35.138,443,192.168.50.154,62118,tcp,0.3804006576538086,6399,,0
142.251.35.138,443,192.168.50.154,62120,tcp,0.1743149757385254,6452,,0
142.251.35.138,443,192.168.50.154,62122,tcp,0.19838309288024902,6452,,0
142.251.35.138,443,192.168.50.154,62123,tcp,0.40091657638549805,6397,,0
142.251.35.138,443,192.168.50.154,63448,udp,0.11275768280029297,7269,,0
142.251.35.138,443,192.168.50.154,65307,udp,0.05667304992675781,4746,,0
142.251.35.138,443,192.168.50.154,65391,udp,0.06337213516235352,6182,,0
142.251.35.142,80,192.168.50.154,57960,tcp,101.03398728370667,5478,,0
142.251.35.142,443,192.168.50.154,54413,udp,0.07099437713623047,9141,,0
142.251.46.138,443,192.168.50.154,58545,tcp,0.18964505195617676,6505,,0
142.251.46.138,443,192.168.50.154,60390,udp,1464.2424793243408,24483,,0
142.251.46.142,443,192.168.50.154,50762,udp,0.07829976081848145,7834,,0
142.251.46.142,443,192.168.50.154,59511,udp,0.10229158401489258,7832,,0
142.251.46.142,443,192.168.50.154,60982,udp,0.12934327125549316,9250,,0
142.251.46.142,443,192.168.50.154,64522,udp,0.10359311103820801,7611,,0
150.171.109.225,443,192.168.50.154,53869,tcp,90.10087776184082,78920,,0
150.171.109.225,443,192.168.50.154,54331,tcp,90.10629796981812,71407,,0
150.171.109.225,443,192.168.50.154,56717,tcp,90.10988998413086,78962,,0
150.171.109.225,443,192.168.50.154,60816,tcp,90.0927255153656,78908,,0
150.171.109.226,443,192.168.50.154,55287,tcp,90.09646272659302,79017,,0
150.171.109.226,443,192.168.50.154,56946,tcp,90.1123697757721,11550,,0
150.171.109.226,443,192.168.50.154,63594,tcp,90.39785814285278,79071,,0
150.171.109.227,443,192.168.50.154,62293,tcp,90.13637208938599,79061,,0
150.171.109.227,443,192.168.50.154,64230,tcp,90.13290929794312,2068,,0
162.151.50.149,0,192.168.50.154,0,udp,0.0,134,,0
162.151.50.69,0,192.168.50.154,0,udp,0.0,134,,0
162.254.195.75,27018,192.168.50.154,54545,tcp,2330.8207874298096,24114,,0
17.253.23.203,80,192.168.50.154,55701,tcp,60.0451123714447,540,,0
172.64.151.57,443,192.168.50.154,57813,tcp,279.9141502380371,450,,0
172.64.151.57,443,192.168.50.154,58543,tcp,240.1678593158722,5936,,0
173.194.206.84,443,192.168.50.154,63991,udp,0.20218420028686523,8035,,0
18.154.101.114,443,192.168.50.154,58128,tcp,240.0133457183838,504,,0
18.154.101.114,443,192.168.50.154,59348,tcp,240.0029284954071,504,,0
18.154.101.114,443,192.168.50.154,61978,tcp,0.04955101013183594,4889,,0
18.154.101.114,443,192.168.50.154,63096,tcp,239.97301864624023,504,,0
18.160.143.39,443,192.168.50.154,54867,udp,0.09928584098815918,12503,,0
18.160.143.6,443,192.168.50.154,62107,tcp,2340.604946374893,68166,,0
18.214.184.253,443,192.168.50.154,52857,tcp,60.19141912460327,1369,,0
18.238.136.26,443,192.168.50.154,51751,tcp,0.10744309425354004,900,,0
18.238.136.26,443,192.168.50.154,51752,tcp,100.06484508514404,1232,,0
18.238.136.26,443,192.168.50.154,55694,tcp,100.09425449371338,1028,,0
18.238.136.26,443,192.168.50.154,59885,tcp,0.18321490287780762,846,,0
18.238.136.26,443,192.168.50.154,59886,tcp,100.08476114273071,1177,,0
18.238.136.26,443,192.168.50.154,63818,tcp,100.07608437538147,1082,,0
18.238.136.87,443,192.168.50.154,50667,tcp,0.11324858665466309,846,,0
18.238.136.87,443,192.168.50.154,50668,tcp,100.06924486160278,1178,,0
18.238.136.87,443,192.168.50.154,61976,tcp,0.10270476341247559,846,,0
18.238.136.87,443,192.168.50.154,61977,tcp,100.07492089271545,1177,,0
18.238.136.87,443,192.168.50.154,63271,tcp,0.03579068183898926,974,,0
18.238.136.88,443,192.168.50.154,61148,udp,0.24752593040466309,29210,,0
18.238.176.24,443,192.168.50.154,59883,tcp,240.21499729156494,1737969,,0
18.238.176.91,443,192.168.50.154,63113,tcp,240.00085067749023,519,,0
184.30.89.225,443,192.168.50.154,59821,tcp,500.03566336631775,900,,0
192.168.50.1,0,224.0.0.1,0,udp,2340.1527230739594,6136,,0
192.168.50.1,53,192.168.50.154,49171,udp,0.0,302,,0
192.168.50.1,53,192.168.50.154,49198,udp,0.0,218,,0
192.168.50.1,53,192.168.50.154,49325,udp,101.14316129684448,446,,0
192.168.50.1,53,192.168.50.154,49343,udp,0.0,164,,0
192.168.50.1,53,192.168.50.154,49431,udp,0.0,251,,0
192.168.50.1,53,192.168.50.154,49458,udp,0.0,220,,0
192.168.50.1,53,192.168.50.154,49536,udp,0.0,152,,0
192.168.50.1,53,192.168.50.154,49587,udp,0.0,141,,0
192.168.50.1,53,192.168.50.154,49623,udp,0.0,175,,0
192.168.50.1,53,192.168.50.154,49746,udp,0.0,164,,0
192.168.50.1,53,192.168.50.154,49850,udp,0.0,164,,0
192.168.50.1,53,192.168.50.154,49878,udp,0.0,107,,0
192.168.50.1,53,192.168.50.154,49982,udp,0.0,129,,0
192.168.50.1,53,192.168.50.154,49992,udp,0.0,141,,0
192.168.50.1,53,192.168.50.154,50155,udp,0.0,196,,0
192.168.50.1,53,192.168.50.154,50298,udp,0.0,160,,0
192.168.50.1,53,192.168.50.154,50347,udp,0.0,111,,0
192.168.50.1,53,192.168.50.154,50420,udp,0.0,141,,0
192.168.50.1,53,192.168.50.154,50524,udp,0.0,219,,0
192.168.50.1,53,192.168.50.154,50618,udp,0.0,129,,0
192.168.50.1,53,192.168.50.154,50643,udp,0.0,159,,0
192.168.50.1,53,192.168.50.154,50656,udp,0.0,129,,0
192.168.50.1,53,192.168.50.154,50660,udp,0.0,160,,0
192.168.50.1,53,192.168.50.154,50693,udp,0.0,197,,0
192.168.50.1,53,192.168.50.154,50791,udp,0.0,175,,0
192.168.50.1,53,192.168.50.154,50825,udp,0.0,175,,0
192.168.50.1,53,192.168.50.154,50942,udp,0.0,283,,0
192.168.50.1,53,192.168.50.154,51015,udp,0.0,179,,0
192.168.50.1,53,192.168.50.154,51031,udp,0.0,90,,0
192.168.50.1,53,192.168.50.154,51032,udp,0.0,216,,0
192.168.50.1,53,192.168.50.154,51258,udp,262.0092124938965,4373,,0
192.168.50.1,53,192.168.50.154,51270,udp,197.54512691497803,2221,,0
192.168.50.1,53,192.168.50.154,51472,udp,0.0,179,,0
192.168.50.1,53,192.168.50.154,51510,udp,0.0,95,,0
192.168.50.1,53,192.168.50.154,51549,udp,0.0,220,,0
192.168.50.1,53,192.168.50.154,51579,udp,0.0,206,,0
192.168.50.1,53,192.168.50.154,51625,udp,0.0,152,,0
192.168.50.1,53,192.168.50.154,51664,udp,0.0,224,,0
192.168.50.1,53,192.168.50.154,51678,udp,241.6603696346283,1864,,0
192.168.50.1,53,192.168.50.154,51689,udp,0.0,159,,0
192.168.50.1,53,192.168.50.154,51706,udp,0.0,152,,0
192.168.50.1,53,192.168.50.154,51811,udp,76.96613883972168,730,,0
192.168.50.1,53,192.168.50.154,51827,udp,0.0,129,,0
192.168.50.1,53,192.168.50.154,51890,udp,0.0,302,,0
192.168.50.1,53,192.168.50.154,51961,udp,0.0,283,,0
192.168.50.1,53,192.168.50.154,51980,udp,0.0,107,,0
192.168.50.1,53,192.168.50.154,52007,udp,0.0,302,,0
192.168.50.1,53,192.168.50.154,52217,udp,0.0,184,,0
192.168.50.1,53,192.168.50.154,52433,udp,0.0,443,,0
192.168.50.1,53,192.168.50.154,52456,udp,0.0,90,,0
192.168.50.1,53,192.168.50.154,52609,udp,0.0,158,,0
192.168.50.1,53,192.168.50.154,52638,udp,0.0,159,,0
192.168.50.1,53,192.168.50.154,52709,udp,0.0,242,,0
192.168.50.1,53,192.168.50.154,52748,udp,0.0,159,,0
192.168.50.1,53,192.168.50.154,52750,udp,0.0,216,,0
192.168.50.1,53,192.168.50.154,52754,udp,0.0,255,,0
192.168.50.1,53,192.168.50.154,52841,udp,0.0,206,,0
192.168.50.1,53,192.168.50.154,52871,udp,0.0,216,,0
192.168.50.1,53,192.168.50.154,52906,udp,0.0,224,,0
192.168.50.1,53,192.168.50.154,52963,udp,0.0,90,,0
192.168.50.1,53,192.168.50.154,53028,udp,0.0,268,,0
192.168.50.1,53,192.168.50.154,53055,udp,0.0,95,,0
192.168.50.1,53,192.168.50.154,53386,udp,0.0,107,,0
192.168.50.1,53,192.168.50.154,53392,udp,0.0,216,,0
192.168.50.1,53,192.168.50.154,53400,udp,0.0,433,,0
192.168.50.1,53,192.168.50.154,53459,udp,0.0,175,,0
192.168.50.1,53,192.168.50.154,53495,udp,0.0,164,,0
192.168.50.1,53,192.168.50.154,53546,udp,0.0,224,,0
192.168.50.1,53,192.168.50.154,53570,udp,0.0,152,,0
192.168.50.1,53,192.168.50.154,53577,udp,0.0,155,,0
192.168.50.1,53,192.168.50.154,53594,udp,0.0,95,,0
192.168.50.1,53,192.168.50.154,53724,udp,0.0,218,,0
192.168.50.1,53,192.168.50.154,53817,udp,0.0,283,,0
192.168.50.1,53,192.168.50.154,53840,udp,0.0,216,,0
192.168.50.1,53,192.168.50.154,53997,udp,0.0,283,,0
192.168.50.1,53,192.168.50.154,54011,udp,0.0,220,,0
192.168.50.1,53,192.168.50.154,54357,udp,0.0,107,,0
192.168.50.1,53,192.168.50.154,54379,udp,0.0,90,,0
192.168.50.1,53,192.168.50.154,54460,udp,0.8133597373962402,417,,0
192.168.50.1,53,192.168.50.154,54465,udp,0.0,139,,0
192.168.50.1,53,192.168.50.154,54467,udp,0.0,141,,0
192.168.50.1,53,192.168.50.154,54527,udp,0.0,197,,0
192.168.50.1,53,192.168.50.154,54629,udp,0.0,219,,0
192.168.50.1,53,192.168.50.154,54630,udp,0.0,143,,0
192.168.50.1,53,192.168.50.154,54694,udp,0.0,160,,0
192.168.50.1,53,192.168.50.154,54759,udp,818.8282461166382,4467,,0
192.168.50.1,53,192.168.50.154,54798,udp,0.0,220,,0
192.168.50.1,53,192.168.50.154,54918,udp,0.0,224,,0
192.168.50.1,53,192.168.50.154,55014,udp,0.0,224,,0
192.168.50.1,53,192.168.50.154,55074,udp,0.0,253,,0
192.168.50.1,53,192.168.50.154,55095,udp,660.1510996818542,1081,,0
192.168.50.1,53,192.168.50.154,55211,udp,0.0,175,,0
192.168.50.1,53,192.168.50.154,55230,udp,0.0,251,,0
192.168.50.1,53,192.168.50.154,55236,udp,0.0,376,,0
192.168.50.1,53,192.168.50.154,55255,udp,0.0,206,,0
192.168.50.1,53,192.168.50.154,55284,udp,0.0,202,,0
192.168.50.1,53,192.168.50.154,55293,udp,510.132155418396,4509,,0
192.168.50.1,53,192.168.50.154,55320,udp,0.0,224,,0
192.168.50.1,53,192.168.50.154,55353,udp,0.0,302,,0
192.168.50.1,53,192.168.50.154,55507,udp,0.0,179,,0
192.168.50.1,53,192.168.50.154,55523,udp,0.0,179,,0
192.168.50.1,53,192.168.50.154,55728,udp,0.0,224,,0
192.168.50.1,53,192.168.50.154,55775,udp,0.0,160,,0
192.168.50.1,53,192.168.50.154,55838,udp,0.0,302,,0
192.168.50.1,53,192.168.50.154,56031,udp,0.0,206,,0
192.168.50.1,53,192.168.50.154,56034,udp,0.0,159,,0
192.168.50.1,53,192.168.50.154,56059,udp,0.0,152,,0
192.168.50.1,53,192.168.50.154,56080,udp,0.0,216,,0
192.168.50.1,53,192.168.50.154,56125,udp,0.0,219,,0
192.168.50.1,53,192.168.50.154,56172,udp,0.0,90,,0
192.168.50.1,53,192.168.50.154,56207,udp,0.0,111,,0
192.168.50.1,53,192.168.50.154,56256,udp,0.0,143,,0
192.168.50.1,53,192.168.50.154,56454,udp,0.0,159,,0
192.168.50.1,53,192.168.50.154,56505,udp,0.0,159,,0
192.168.50.1,53,192.168.50.154,56568,udp,0.0,216,,0
192.168.50.1,53,192.168.50.154,56653,udp,0.0,139,,0
192.168.50.1,53,192.168.50.154,56671,udp,0.0,139,,0
192.168.50.1,53,192.168.50.154,56789,udp,0.0,141,,0
192.168.50.1,53,192.168.50.154,56820,udp,0.0,90,,0
192.168.50.1,53,192.168.50.154,56859,udp,0.0,164,,0
192.168.50.1,53,192.168.50.154,56892,udp,0.0,202,,0
192.168.50.1,53,192.168.50.154,56937,udp,0.0,218,,0
192.168.50.1,53,192.168.50.154,57092,udp,0.0,107,,0
192.168.50.1,53,192.168.50.154,57234,udp,0.0,224,,0
192.168.50.1,53,192.168.50.154,57283,udp,0.0,302,,0
192.168.50.1,53,192.168.50.154,57294,udp,0.0,189,,0
192.168.50.1,53,192.168.50.154,57611,udp,0.0,90,,0
192.168.50.1,53,192.168.50.154,57742,udp,0.0,159,,0
192.168.50.1,53,192.168.50.154,57778,udp,277.0697946548462,360,,0
192.168.50.1,53,192.168.50.154,57863,udp,0.0,175,,0
192.168.50.1,53,192.168.50.154,57887,udp,0.0,154,,0
192.168.50.1,53,192.168.50.154,57950,udp,0.0,164,,0
192.168.50.1,53,192.168.50.154,58074,udp,0.0,141,,0
192.168.50.1,53,192.168.50.154,58135,udp,0.0,152,,0
192.168.50.1,53,192.168.50.154,58289,udp,0.0,164,,0
192.168.50.1,53,192.168.50.154,58309,udp,0.0,175,,0
192.168.50.1,53,192.168.50.154,58339,udp,0.0,206,,0
192.168.50.1,53,192.168.50.154,58824,udp,0.0,219,,0
192.168.50.1,53,192.168.50.154,58904,udp,0.0,175,,0
192.168.50.1,53,192.168.50.154,58967,udp,0.0,204,,0
192.168.50.1,53,192.168.50.154,59221,udp,0.0,159,,0
192.168.50.1,53,192.168.50.154,59236,udp,0.0,219,,0
192.168.50.1,53,192.168.50.154,59329,udp,0.0,141,,0
192.168.50.1,53,192.168.50.154,59352,udp,0.0,181,,0
192.168.50.1,53,192.168.50.154,59385,udp,0.0,209,,0
192.168.50.1,53,192.168.50.154,59422,udp,0.0,312,,0
192.168.50.1,53,192.168.50.154,59459,udp,0.0,175,,0
192.168.50.1,53,192.168.50.154,59514,udp,0.0,197,,0
192.168.50.1,53,192.168.50.154,59535,udp,0.0,175,,0
192.168.50.1,53,192.168.50.154,59550,udp,0.0,158,,0
192.168.50.1,53,192.168.50.154,59560,udp,9.63023328781128,691,,0
192.168.50.1,53,192.168.50.154,59685,udp,0.0,197,,0
192.168.50.1,53,192.168.50.154,59747,udp,0.0,219,,0
192.168.50.1,53,192.168.50.154,59846,udp,0.0,197,,0
192.168.50.1,53,192.168.50.154,59886,udp,0.0,438,,0
192.168.50.1,53,192.168.50.154,59967,udp,0.0,162,,0
192.168.50.1,53,192.168.50.154,59975,udp,0.0,175,,0
192.168.50.1,53,192.168.50.154,59983,udp,0.0,139,,0
192.168.50.1,53,192.168.50.154,59992,udp,0.0,251,,0
192.168.50.1,53,192.168.50.154,59997,udp,0.0,197,,0
192.168.50.1,53,192.168.50.154,60002,udp,0.0,202,,0
192.168.50.1,53,192.168.50.154,60097,udp,0.0,339,,0
192.168.50.1,53,192.168.50.154,60124,udp,0.0,224,,0
192.168.50.1,53,192.168.50.154,60181,udp,0.0,175,,0
192.168.50.1,53,192.168.50.154,60182,udp,0.0,302,,0
192.168.50.1,53,192.168.50.154,60225,udp,0.0,206,,0
192.168.50.1,53,192.168.50.154,60251,udp,0.0,152,,0
192.168.50.1,53,192.168.50.154,60328,udp,0.0,175,,0
192.168.50.1,53,192.168.50.154,60361,udp,0.0,302,,0
192.168.50.1,53,192.168.50.154,60384,udp,0.0,152,,0
192.168.50.1,53,192.168.50.154,60446,udp,0.0,107,,0
192.168.50.1,53,192.168.50.154,60469,udp,0.0,302,,0
192.168.50.1,53,192.168.50.154,60525,udp,0.0,283,,0
192.168.50.1,53,192.168.50.154,60645,udp,0.0,220,,0
192.168.50.1,53,192.168.50.154,60705,udp,0.0,283,,0
192.168.50.1,53,192.168.50.154,60758,udp,0.0,161,,0
192.168.50.1,53,192.168.50.154,60796,udp,0.0,224,,0
192.168.50.1,53,192.168.50.154,60828,udp,0.0,206,,0
192.168.50.1,53,192.168.50.154,60857,udp,0.0,251,,0
192.168.50.1,53,192.168.50.154,60929,udp,0.0,197,,0
192.168.50.1,53,192.168.50.154,61031,udp,0.0,90,,0
192.168.50.1,53,192.168.50.154,61134,udp,0.0,268,,0
192.168.50.1,53,192.168.50.154,61137,udp,0.0,139,,0
192.168.50.1,53,192.168.50.154,61174,udp,0.0,159,,0
192.168.50.1,53,192.168.50.154,61227,udp,0.0,175,,0
192.168.50.1,53,192.168.50.154,61244,udp,0.0,206,,0
192.168.50.1,53,192.168.50.154,61315,udp,0.0,90,,0
192.168.50.1,53,192.168.50.154,61319,udp,0.0,160,,0
192.168.50.1,53,192.168.50.154,61340,udp,0.0,107,,0
192.168.50.1,53,192.168.50.154,61429,udp,0.0,107,,0
192.168.50.1,53,192.168.50.154,61461,udp,0.0,302,,0
192.168.50.1,53,192.168.50.154,61568,udp,0.0,160,,0
192.168.50.1,53,192.168.50.154,61623,udp,0.0,159,,0
192.168.50.1,53,192.168.50.154,61624,udp,0.0,160,,0
192.168.50.1,53,192.168.50.154,61656,udp,0.0,90,,0
192.168.50.1,53,192.168.50.154,61863,udp,0.0,302,,0
192.168.50.1,53,192.168.50.154,61876,udp,0.0,139,,0
192.168.50.1,53,192.168.50.154,61949,udp,0.0,152,,0
192.168.50.1,53,192.168.50.154,61958,udp,0.0,178,,0
192.168.50.1,53,192.168.50.154,61970,udp,0.0,175,,0
192.168.50.1,53,192.168.50.154,61990,udp,0.0,175,,0
192.168.50.1,53,192.168.50.154,61995,udp,127.61247158050537,985,,0
192.168.50.1,53,192.168.50.154,62009,udp,0.0,219,,0
192.168.50.1,53,192.168.50.154,62060,udp,0.0,175,,0
192.168.50.1,53,192.168.50.154,62121,udp,0.0,152,,0
192.168.50.1,53,192.168.50.154,62124,udp,0.0,139,,0
192.168.50.1,53,192.168.50.154,62189,udp,0.0,129,,0
192.168.50.1,53,192.168.50.154,62207,udp,0.0,175,,0
192.168.50.1,53,192.168.50.154,62344,udp,0.0,135,,0
192.168.50.1,53,192.168.50.154,62510,udp,0.0,220,,0
192.168.50.1,53,192.168.50.154,62548,udp,134.603661775589,436,,0
192.168.50.1,53,192.168.50.154,62580,udp,0.0,251,,0
192.168.50.1,53,192.168.50.154,62589,udp,0.0,175,,0
192.168.50.1,53,192.168.50.154,62757,udp,0.0,159,,0
192.168.50.1,53,192.168.50.154,62773,udp,0.0,268,,0
192.168.50.1,53,192.168.50.154,62791,udp,0.0,302,,0
192.168.50.1,53,192.168.50.154,62881,udp,0.0,95,,0
192.168.50.1,53,192.168.50.154,62884,udp,0.0,86,,0
192.168.50.1,53,192.168.50.154,62919,udp,0.0,142,,0
192.168.50.1,53,192.168.50.154,63031,udp,0.0,141,,0
192.168.50.1,53,192.168.50.154,63055,udp,0.0,194,,0
192.168.50.1,53,192.168.50.154,63064,udp,0.0,179,,0
192.168.50.1,53,192.168.50.154,63074,udp,0.0,159,,0
192.168.50.1,53,192.168.50.154,63087,udp,0.0,107,,0
192.168.50.1,53,192.168.50.154,63108,udp,0.0,152,,0
192.168.50.1,53,192.168.50.154,63384,udp,0.0,175,,0
192.168.50.1,53,192.168.50.154,63404,udp,0.0,152,,0
192.168.50.1,53,192.168.50.154,63467,udp,0.0,152,,0
192.168.50.1,53,192.168.50.154,63568,udp,0.0,152,,0
192.168.50.1,53,192.168.50.154,63761,udp,0.0,160,,0
192.168.50.1,53,192.168.50.154,64055,udp,0.0,160,,0
192.168.50.1,53,192.168.50.154,64146,udp,0.0,141,,0
192.168.50.1,53,192.168.50.154,64179,udp,2.476262092590332,245,,0
192.168.50.1,53,192.168.50.154,64217,udp,0.0,95,,0
192.168.50.1,53,192.168.50.154,64283,udp,0.0,187,,0
192.168.50.1,53,192.168.50.154,64321,udp,0.0,158,,0
192.168.50.1,53,192.168.50.154,64477,udp,117.33705520629883,1122,,0
192.168.50.1,53,192.168.50.154,64561,udp,0.0,197,,0
192.168.50.1,53,192.168.50.154,64576,udp,0.0,268,,0
192.168.50.1,53,192.168.50.154,64621,udp,0.0,218,,0
192.168.50.1,53,192.168.50.154,64661,udp,0.0,179,,0
192.168.50.1,53,192.168.50.154,64673,udp,0.0,206,,0
192.168.50.1,53,192.168.50.154,64721,udp,0.0,302,,0
192.168.50.1,53,192.168.50.154,64785,udp,0.0,159,,0
192.168.50.1,53,192.168.50.154,64838,udp,0.0,216,,0
192.168.50.1,53,192.168.50.154,64954,udp,0.0,159,,0
192.168.50.1,53,192.168.50.154,65016,udp,0.0,160,,0
192.168.50.1,53,192.168.50.154,65428,udp,0.0,107,,0
192.168.50.1,53,192.168.50.154,65465,udp,0.0,164,,0
192.168.50.1,53,192.168.50.154,65472,udp,0.0,141,,0
192.168.50.1,53,192.168.50.154,65478,udp,720.5181584358215,327,,0
192.168.50.1,1900,239.255.255.250,1900,udp,2054.279559135437,18873,,0
192.168.50.1,9999,255.255.255.255,9999,udp,2109.984789133072,26592,,0
192.168.50.1,33444,192.168.50.255,7788,udp,0.0,118,,0
192.168.50.1,33963,239.255.255.250,1900,udp,2280.997235059738,410264,,0
192.168.50.1,34588,192.168.50.255,7788,udp,0.0,118,,0
192.168.50.1,34727,192.168.50.255,7788,udp,0.0,118,,0
192.168.50.1,36772,192.168.50.255,7788,udp,0.0,118,,0
192.168.50.1,37046,192.168.50.255,7788,udp,0.0,118,,0
192.168.50.1,39978,192.168.50.255,7788,udp,0.0,118,,0
192.168.50.1,40060,192.168.50.255,7788,udp,0.0,118,,0
192.168.50.1,40360,192.168.50.255,7788,udp,0.0,118,,0
192.168.50.1,41080,192.168.50.255,7788,udp,0.0,118,,0
192.168.50.1,41102,192.168.50.255,7788,udp,0.0,118,,0
192.168.50.1,42434,192.168.50.255,7788,udp,0.0,118,,0
192.168.50.1,43438,192.168.50.255,7788,udp,0.0,118,,0
192.168.50.1,43557,192.168.50.255,7788,udp,0.0,118,,0
192.168.50.1,44333,192.168.50.255,7788,udp,0.0,118,,0
192.168.50.1,44993,192.168.50.255,7788,udp,0.0,118,,0
192.168.50.1,45347,192.168.50.255,7788,udp,0.0,118,,0
192.168.50.1,45653,192.168.50.255,7788,udp,0.0,118,,0
192.168.50.1,46454,192.168.50.255,7788,udp,0.0,118,,0
192.168.50.1,46468,192.168.50.255,7788,udp,0.0,118,,0
192.168.50.1,47009,192.168.50.255,7788,udp,0.0,118,,0
192.168.50.1,48195,192.168.50.255,7788,udp,0.0,118,,0
192.168.50.1,48761,192.168.50.255,7788,udp,0.0,118,,0
192.168.50.1,49061,192.168.50.255,7788,udp,0.0,118,,0
192.168.50.1,50836,192.168.50.255,7788,udp,0.0,118,,0
192.168.50.1,52123,192.168.50.255,7788,udp,0.0,118,,0
192.168.50.1,52264,192.168.50.255,7788,udp,0.0,118,,0
192.168.50.1,52304,192.168.50.255,7788,udp,0.0,118,,0
192.168.50.1,52578,192.168.50.255,7788,udp,0.0,118,,0
192.168.50.1,52612,192.168.50.255,7788,udp,0.0,118,,0
192.168.50.1,53053,192.168.50.255,7788,udp,0.0,118,,0
192.168.50.1,54122,192.168.50.255,7788,udp,0.0,118,,0
192.168.50.1,54520,192.168.50.255,7788,udp,0.0,118,,0
192.168.50.1,55153,192.168.50.255,7788,udp,0.0,118,,0
192.168.50.1,55675,192.168.50.255,7788,udp,0.0,118,,0
192.168.50.1,57077,192.168.50.255,7788,udp,0.0,118,,0
192.168.50.1,58942,192.168.50.255,7788,udp,0.0,118,,0
192.168.50.1,59806,192.168.50.255,7788,udp,0.0,118,,0
192.168.50.1,60380,192.168.50.255,7788,udp,0.0,118,,0
192.168.50.149,5353,224.0.0.251,5353,udp,2189.433872938156,14200,,0
192.168.50.154,0,204.79.197.200,0,udp,47.94516849517822,2226,,0
192.168.50.154,0,224.0.0.22,0,udp,2346.4895980358124,18042,,0
192.168.50.154,49171,192.168.50.1,53,udp,0.0,77,,0
192.168.50.154,49198,192.168.50.1,53,udp,0.0,80,,0
192.168.50.154,49325,192.168.50.1,53,udp,101.13972926139832,157,,0
192.168.50.154,49326,239.255.255.250,1900,udp,3.0323681831359863,848,,0
192.168.50.154,49327,239.255.255.250,1900,udp,3.0325145721435547,848,,0
192.168.50.154,49343,192.168.50.1,53,udp,0.0,79,,0
192.168.50.154,49354,142.250.72.206,443,udp,0.159881591796875,7455,,0
192.168.50.154,49418,142.250.72.202,443,udp,0.11081099510192871,4988,,0
192.168.50.154,49431,192.168.50.1,53,udp,0.0,94,,0
192.168.50.154,49439,142.251.35.138,443,udp,0.13392329216003418,5066,,0
192.168.50.154,49458,192.168.50.1,53,udp,0.0,92,,0
192.168.50.154,49536,192.168.50.1,53,udp,0.0,95,,0
192.168.50.154,49587,192.168.50.1,53,udp,0.0,91,,0
192.168.50.154,49623,192.168.50.1,53,udp,0.0,77,,0
192.168.50.154,49704,20.59.87.225,443,tcp,2249.623401403427,913,,0
192.168.50.154,49746,192.168.50.1,53,udp,0.0,79,,0
192.168.50.154,49850,192.168.50.1,53,udp,0.0,79,,0
192.168.50.154,49872,67.202.28.94,443,tcp,60.17984580993652,4172,,0
192.168.50.154,49873,20.190.190.194,443,tcp,0.5650300979614258,9788,,0
192.168.50.154,49874,20.190.190.194,443,tcp,0.5655899047851562,5570,,0
192.168.50.154,49878,192.168.50.1,53,udp,0.0,91,,0
192.168.50.154,49982,192.168.50.1,53,udp,0.0,79,,0
192.168.50.154,49992,192.168.50.1,53,udp,0.0,91,,0
192.168.50.154,50060,140.82.113.6,443,tcp,30.309584379196167,3217,,0
192.168.50.154,50061,199.232.67.52,443,tcp,610.3856718540192,4015,,0
192.168.50.154,50155,192.168.50.1,53,udp,0.0,88,,0
192.168.50.154,50295,13.226.251.118,443,tcp,240.07778882980347,3513,,0
192.168.50.154,50298,192.168.50.1,53,udp,0.0,78,,0
192.168.50.154,50347,192.168.50.1,53,udp,0.0,76,,0
192.168.50.154,50420,192.168.50.1,53,udp,0.0,91,,0
192.168.50.154,50449,142.251.183.84,443,udp,0.22631502151489258,9040,,0
192.168.50.154,50524,192.168.50.1,53,udp,0.0,90,,0
192.168.50.154,50542,142.251.35.138,443,udp,0.08379817008972168,4991,,0
192.168.50.154,50601,23.38.100.175,443,tcp,300.17778730392456,3461,,0
192.168.50.154,50618,192.168.50.1,53,udp,0.0,79,,0
192.168.50.154,50643,192.168.50.1,53,udp,0.0,95,,0
192.168.50.154,50656,192.168.50.1,53,udp,0.0,79,,0
192.168.50.154,50660,192.168.50.1,53,udp,0.0,78,,0
192.168.50.154,50663,34.217.157.148,443,tcp,10.684337615966797,9348,,0
192.168.50.154,50664,142.251.35.138,443,tcp,0.17319560050964355,5896,,0
192.168.50.154,50665,142.251.35.138,443,tcp,0.1803755760192871,3327,,0
192.168.50.154,50666,13.226.251.89,443,tcp,0.2286827564239502,2678,,0
192.168.50.154,50667,18.238.136.87,443,tcp,0.12871336936950684,862,,0
192.168.50.154,50668,18.238.136.87,443,tcp,100.08898043632507,889,,0
192.168.50.154,50669,23.222.27.55,443,tcp,0.10113215446472168,1489,,0
192.168.50.154,50686,54.211.42.217,443,tcp,60.180052280426025,4268,,0
192.168.50.154,50687,13.226.251.9,443,tcp,0.2195882797241211,2498,,0
192.168.50.154,50688,20.42.182.108,443,tcp,85.1661307811737,7279,,0
192.168.50.154,50693,192.168.50.1,53,udp,0.0,90,,0
192.168.50.154,50762,142.251.46.142,443,udp,0.07972884178161621,6078,,0
192.168.50.154,50791,192.168.50.1,53,udp,0.0,88,,0
192.168.50.154,50825,192.168.50.1,53,udp,0.0,77,,0
192.168.50.154,50942,192.168.50.1,53,udp,0.0,94,,0
192.168.50.154,51015,192.168.50.1,53,udp,0.0,92,,0
192.168.50.154,51031,192.168.50.1,53,udp,0.0,74,,0
192.168.50.154,51032,192.168.50.1,53,udp,0.0,88,,0
192.168.50.154,51258,192.168.50.1,53,udp,262.0170192718506,2099,,0
192.168.50.154,51259,239.255.255.250,1900,udp,3.027820587158203,848,,0
192.168.50.154,51260,239.255.255.250,1900,udp,3.025620460510254,848,,0
192.168.50.154,51270,192.168.50.1,53,udp,197.56043362617493,1203,,0
192.168.50.154,51271,13.217.251.231,443,tcp,60.16811800003052,4172,,0
192.168.50.154,51272,72.153.5.134,443,tcp,0.4627506732940674,2018,,0
192.168.50.154,51273,72.153.5.133,443,tcp,110.05380702018738,2109,,0
192.168.50.154,51274,72.153.5.138,443,tcp,110.06706738471985,2114,,0
192.168.50.154,51275,72.153.5.63,443,tcp,1.611964225769043,2904,,0
192.168.50.154,51276,72.153.5.134,443,tcp,110.06880807876587,1973,,0
192.168.50.154,51399,142.250.72.206,443,udp,0.13934993743896484,6079,,0
192.168.50.154,51472,192.168.50.1,53,udp,0.0,92,,0
192.168.50.154,51510,192.168.50.1,53,udp,0.0,79,,0
192.168.50.154,51549,192.168.50.1,53,udp,0.0,92,,0
192.168.50.154,51550,239.255.255.250,1900,udp,3.0417535305023193,848,,0
192.168.50.154,51551,239.255.255.250,1900,udp,3.0405542850494385,848,,0
192.168.50.154,51579,192.168.50.1,53,udp,0.0,78,,0
192.168.50.154,51625,192.168.50.1,53,udp,0.0,95,,0
192.168.50.154,51664,192.168.50.1,53,udp,0.0,79,,0
192.168.50.154,51678,192.168.50.1,53,udp,241.66052794456482,974,,0
192.168.50.154,51689,192.168.50.1,53,udp,0.0,95,,0
192.168.50.154,51706,192.168.50.1,53,udp,0.0,95,,0
192.168.50.154,51709,140.82.114.26,443,tcp,917.0047402381897,2339,,0
192.168.50.154,51710,52.215.61.53,443,tcp,0.00027298927307128906,108,,0
192.168.50.154,51749,34.200.162.68,443,tcp,60.198551177978516,5139,,0
192.168.50.154,51750,13.226.251.89,443,tcp,0.20029091835021973,2498,,0
192.168.50.154,51751,18.238.136.26,443,tcp,0.11895298957824707,862,,0
192.168.50.154,51752,18.238.136.26,443,tcp,100.08282995223999,889,,0
192.168.50.154,51811,192.168.50.1,53,udp,76.97432613372803,447,,0
192.168.50.154,51812,13.226.251.64,443,tcp,240.063725233078,3577,,0
192.168.50.154,51827,192.168.50.1,53,udp,0.0,79,,0
192.168.50.154,51848,3.210.243.234,443,tcp,60.18248796463013,9094,,0
192.168.50.154,51890,192.168.50.1,53,udp,0.0,77,,0
192.168.50.154,51961,192.168.50.1,53,udp,0.0,94,,0
192.168.50.154,51980,192.168.50.1,53,udp,0.0,91,,0
192.168.50.154,52007,192.168.50.1,53,udp,0.0,77,,0
192.168.50.154,52083,140.82.113.5,443,tcp,11.881917953491211,3249,,0
192.168.50.154,52217,192.168.50.1,53,udp,0.0,77,,0
192.168.50.154,52253,35.168.247.193,443,tcp,29.51263976097107,21205,,0
192.168.50.154,52380,142.250.72.206,443,udp,0.10480451583862305,6083,,0
192.168.50.154,52433,192.168.50.1,53,udp,0.0,87,,0
192.168.50.154,52456,192.168.50.1,53,udp,0.0,74,,0
192.168.50.154,52574,20.42.65.93,443,tcp,45.07211637496948,110,,0
192.168.50.154,52609,192.168.50.1,53,udp,0.0,74,,0
192.168.50.154,52638,192.168.50.1,53,udp,0.0,95,,0
192.168.50.154,52688,142.250.188.42,443,udp,0.2101287841796875,5442,,0
192.168.50.154,52709,192.168.50.1,53,udp,0.0,79,,0
192.168.50.154,52748,192.168.50.1,53,udp,0.0,95,,0
192.168.50.154,52750,192.168.50.1,53,udp,0.0,88,,0
192.168.50.154,52754,192.168.50.1,53,udp,0.0,74,,0
192.168.50.154,52764,140.82.114.6,443,tcp,30.330388069152832,3215,,0
192.168.50.154,52765,20.190.190.131,443,tcp,0.4193692207336426,1218,,0
192.168.50.154,52766,20.190.190.131,443,tcp,0.4187462329864502,1218,,0
192.168.50.154,52767,20.190.190.131,443,tcp,0.4186437129974365,13664,,0
192.168.50.154,52768,20.50.201.201,443,tcp,0.5231842994689941,4379,,0
192.168.50.154,52769,23.15.253.251,443,tcp,22.564468145370483,1695,,0
192.168.50.154,52770,20.42.182.108,443,tcp,115.20957636833191,4368,,0
192.168.50.154,52841,192.168.50.1,53,udp,0.0,78,,0
192.168.50.154,52857,18.214.184.253,443,tcp,60.18824338912964,5218,,0
192.168.50.154,52858,52.123.128.14,443,tcp,0.22022271156311035,2055,,0
192.168.50.154,52859,3.169.202.71,443,tcp,100.094411611557,1218,,0
192.168.50.154,52871,192.168.50.1,53,udp,0.0,88,,0
192.168.50.154,52874,54.204.105.229,443,tcp,29.406810998916626,5034,,0
192.168.50.154,52875,13.89.179.8,443,tcp,3.6292290687561035,2144,,0
192.168.50.154,52876,13.89.179.8,443,tcp,100.73918771743774,2198,,0
192.168.50.154,52877,20.72.205.209,443,tcp,0.32077574729919434,2129,,0
192.168.50.154,52906,192.168.50.1,53,udp,0.0,79,,0
192.168.50.154,52913,142.250.125.84,443,udp,0.2522006034851074,8497,,0
192.168.50.154,52963,192.168.50.1,53,udp,0.0,74,,0
192.168.50.154,52964,239.255.255.250,1900,udp,3.0273406505584717,848,,0
192.168.50.154,52965,239.255.255.250,1900,udp,3.0413596630096436,848,,0
192.168.50.154,53028,192.168.50.1,53,udp,0.0,80,,0
192.168.50.154,53049,140.82.114.25,443,tcp,1380.21466422081,6609,,0
192.168.50.154,53050,23.222.27.55,443,tcp,0.07921099662780762,1489,,0
192.168.50.154,53055,192.168.50.1,53,udp,0.0,79,,0
192.168.50.154,53277,13.226.251.5,443,tcp,240.07601261138916,3513,,0
192.168.50.154,53278,142.250.72.202,443,tcp,0.7080438137054443,3117,,0
192.168.50.154,53279,20.42.182.108,443,tcp,0.27980494499206543,2020,,0
192.168.50.154,53280,20.42.182.108,443,tcp,71.81175065040588,21784,,0
192.168.50.154,53281,142.250.72.202,443,tcp,0.11348271369934082,3183,,0
192.168.50.154,53282,52.123.128.14,443,tcp,0.21053600311279297,2001,,0
192.168.50.154,53283,13.226.251.89,443,tcp,0.22506380081176758,3049,,0
192.168.50.154,53284,13.226.251.89,443,tcp,0.18485379219055176,2844,,0
192.168.50.154,53285,142.250.72.202,443,tcp,0.1774883270263672,4736,,0
192.168.50.154,53286,13.226.251.89,443,tcp,0.45450639724731445,3103,,0
192.168.50.154,53340,3.169.202.104,443,tcp,0.08864760398864746,2995,,0
192.168.50.154,53386,192.168.50.1,53,udp,0.0,91,,0
192.168.50.154,53392,192.168.50.1,53,udp,0.0,88,,0
192.168.50.154,53400,192.168.50.1,53,udp,0.0,80,,0
192.168.50.154,53459,192.168.50.1,53,udp,0.0,77,,0
192.168.50.154,53495,192.168.50.1,53,udp,0.0,79,,0
192.168.50.154,53532,142.250.72.202,443,udp,0.10390567779541016,3694,,0
192.168.50.154,53546,192.168.50.1,53,udp,0.0,79,,0
192.168.50.154,53570,192.168.50.1,53,udp,0.0,95,,0
192.168.50.154,53577,192.168.50.1,53,udp,0.0,78,,0
192.168.50.154,53594,192.168.50.1,53,udp,0.0,79,,0
192.168.50.154,53706,54.204.105.229,443,tcp,60.18216395378113,4204,,0
192.168.50.154,53718,239.255.255.250,3702,udp,1836.2496092319489,19544,,0
192.168.50.154,53724,192.168.50.1,53,udp,0.0,80,,0
192.168.50.154,53817,192.168.50.1,53,udp,0.0,79,,0
192.168.50.154,53830,3.211.14.252,443,tcp,29.71564221382141,4013,,0
192.168.50.154,53840,192.168.50.1,53,udp,0.0,88,,0
192.168.50.154,53869,150.171.109.225,443,tcp,90.10314059257507,4623,,0
192.168.50.154,53950,140.82.114.5,443,tcp,30.307647466659546,3222,,0
192.168.50.154,53997,192.168.50.1,53,udp,0.0,94,,0
192.168.50.154,54011,192.168.50.1,53,udp,0.0,92,,0
192.168.50.154,54067,3.169.202.75,443,tcp,149.915913105011,328,,0
192.168.50.154,54117,142.250.188.46,443,udp,0.16124844551086426,7369,,0
192.168.50.154,54179,23.38.100.175,443,tcp,343.9907786846161,3580,,0
192.168.50.154,54218,239.255.255.250,1900,udp,3.022578239440918,848,,0
192.168.50.154,54219,239.255.255.250,1900,udp,3.0361902713775635,848,,0
192.168.50.154,54225,52.123.249.9,443,udp,0.5444953441619873,5931,,0
192.168.50.154,54236,142.250.72.202,443,udp,0.09284043312072754,4991,,0
192.168.50.154,54243,216.239.34.223,443,udp,0.07500553131103516,4602,,0
192.168.50.154,54331,150.171.109.225,443,tcp,90.1080687046051,4679,,0
192.168.50.154,54357,192.168.50.1,53,udp,0.0,91,,0
192.168.50.154,54379,192.168.50.1,53,udp,0.0,74,,0
192.168.50.154,54413,142.251.35.142,443,udp,0.10678315162658691,7374,,0
192.168.50.154,54460,192.168.50.1,53,udp,0.8231410980224609,321,,0
192.168.50.154,54465,192.168.50.1,53,udp,0.0,74,,0
192.168.50.154,54467,192.168.50.1,53,udp,0.0,91,,0
192.168.50.154,54527,192.168.50.1,53,udp,0.0,90,,0
192.168.50.154,54545,162.254.195.75,27018,tcp,2330.921447277069,19311,,0
192.168.50.154,54597,216.239.34.223,443,udp,0.07789254188537598,4603,,0
192.168.50.154,54629,192.168.50.1,53,udp,0.0,90,,0
192.168.50.154,54630,192.168.50.1,53,udp,0.0,74,,0
192.168.50.154,54694,192.168.50.1,53,udp,0.0,78,,0
192.168.50.154,54759,192.168.50.1,53,udp,818.823400259018,2896,,0
192.168.50.154,54798,192.168.50.1,53,udp,0.0,92,,0
192.168.50.154,54854,142.251.183.84,443,udp,0.23463034629821777,7751,,0
192.168.50.154,54867,18.160.143.39,443,udp,0.11061882972717285,5452,,0
192.168.50.154,54918,192.168.50.1,53,udp,0.0,79,,0
192.168.50.154,54930,140.82.113.5,443,tcp,30.320673942565918,3215,,0
192.168.50.154,55014,192.168.50.1,53,udp,0.0,79,,0
192.168.50.154,55074,192.168.50.1,53,udp,0.0,88,,0
192.168.50.154,55095,192.168.50.1,53,udp,660.1668705940247,663,,0
192.168.50.154,55175,100.51.143.210,443,tcp,60.17201614379883,4204,,0
192.168.50.154,55176,20.42.182.108,443,tcp,65.19591879844666,9824,,0
192.168.50.154,55211,192.168.50.1,53,udp,0.0,77,,0
192.168.50.154,55230,192.168.50.1,53,udp,0.0,94,,0
192.168.50.154,55236,192.168.50.1,53,udp,0.0,74,,0
192.168.50.154,55241,13.226.251.57,443,tcp,14.842143774032593,163,,0
192.168.50.154,55255,192.168.50.1,53,udp,0.0,78,,0
192.168.50.154,55284,192.168.50.1,53,udp,0.0,74,,0
192.168.50.154,55287,150.171.109.226,443,tcp,90.10401368141174,4807,,0
192.168.50.154,55288,13.226.251.47,443,tcp,0.4222893714904785,3267,,0
192.168.50.154,55289,20.42.182.108,443,tcp,129.6202199459076,5305,,0
192.168.50.154,55290,13.226.251.47,443,tcp,0.22641849517822266,3409,,0
192.168.50.154,55293,142.250.72.206,443,udp,0.08932876586914062,6082,,0
192.168.50.154,55293,192.168.50.1,53,udp,510.13159441947937,2570,,0
192.168.50.154,55294,239.255.255.250,1900,udp,843.0898931026459,1696,,0
192.168.50.154,55295,239.255.255.250,1900,udp,843.0888996124268,1696,,0
192.168.50.154,55320,192.168.50.1,53,udp,0.0,79,,0
192.168.50.154,55353,192.168.50.1,53,udp,0.0,77,,0
192.168.50.154,55485,140.82.112.3,443,tcp,30.251990795135498,4613,,0
192.168.50.154,55507,192.168.50.1,53,udp,0.0,92,,0
192.168.50.154,55523,192.168.50.1,53,udp,0.0,92,,0
192.168.50.154,55693,54.174.168.43,443,tcp,60.18049097061157,4172,,0
192.168.50.154,55694,18.238.136.26,443,tcp,100.11013197898865,911,,0
192.168.50.154,55695,13.226.251.57,443,tcp,100.25128650665283,1706,,0
192.168.50.154,55696,142.250.72.195,80,tcp,60.45278334617615,846,,0
192.168.50.154,55697,23.15.253.120,80,tcp,60.40797138214111,563,,0
192.168.50.154,55698,23.15.253.120,80,tcp,60.315746784210205,563,,0
192.168.50.154,55699,23.45.123.16,80,tcp,60.205482721328735,563,,0
192.168.50.154,55700,199.232.66.172,80,tcp,60.14601445198059,636,,0
192.168.50.154,55701,17.253.23.203,80,tcp,60.06265687942505,590,,0
192.168.50.154,55728,192.168.50.1,53,udp,0.0,79,,0
192.168.50.154,55775,192.168.50.1,53,udp,0.0,78,,0
192.168.50.154,55838,192.168.50.1,53,udp,0.0,77,,0
192.168.50.154,55938,142.251.153.119,443,udp,0.06269693374633789,4266,,0
192.168.50.154,55939,239.255.255.250,1900,udp,3.0208663940429688,848,,0
192.168.50.154,55940,239.255.255.250,1900,udp,3.021469831466675,848,,0
192.168.50.154,55957,142.251.153.119,443,udp,0.05620384216308594,2971,,0
192.168.50.154,56031,192.168.50.1,53,udp,0.0,78,,0
192.168.50.154,56034,192.168.50.1,53,udp,0.0,95,,0
192.168.50.154,56059,192.168.50.1,53,udp,0.0,95,,0
192.168.50.154,56080,192.168.50.1,53,udp,0.0,88,,0
192.168.50.154,56125,192.168.50.1,53,udp,0.0,90,,0
192.168.50.154,56140,216.239.38.223,443,udp,0.08262157440185547,4607,,0
192.168.50.154,56172,192.168.50.1,53,udp,0.0,74,,0
192.168.50.154,56207,192.168.50.1,53,udp,0.0,76,,0
192.168.50.154,56256,192.168.50.1,53,udp,0.0,74,,0
192.168.50.154,56262,142.250.188.46,443,udp,0.07651329040527344,6082,,0
192.168.50.154,56313,13.226.251.5,443,tcp,240.07415652275085,3513,,0
192.168.50.154,56314,142.251.35.138,443,tcp,0.3181767463684082,3181,,0
192.168.50.154,56454,192.168.50.1,53,udp,0.0,95,,0
192.168.50.154,56505,192.168.50.1,53,udp,0.0,95,,0
192.168.50.154,56548,142.250.188.46,443,udp,0.07068133354187012,7373,,0
192.168.50.154,56568,192.168.50.1,53,udp,0.0,88,,0
192.168.50.154,56653,192.168.50.1,53,udp,0.0,74,,0
192.168.50.154,56671,192.168.50.1,53,udp,0.0,74,,0
192.168.50.154,56703,52.4.117.45,443,tcp,0.04965829849243164,192,,0
192.168.50.154,56717,150.171.109.225,443,tcp,90.10956335067749,5043,,0
192.168.50.154,56783,3.210.243.234,443,tcp,60.228931188583374,9180,,0
192.168.50.154,56789,192.168.50.1,53,udp,0.0,91,,0
192.168.50.154,56820,192.168.50.1,53,udp,0.0,74,,0
192.168.50.154,56859,192.168.50.1,53,udp,0.0,79,,0
192.168.50.154,56892,192.168.50.1,53,udp,0.0,74,,0
192.168.50.154,56937,192.168.50.1,53,udp,0.0,80,,0
192.168.50.154,56946,150.171.109.226,443,tcp,90.11380624771118,4337,,0
192.168.50.154,56947,142.250.72.202,443,tcp,0.16289973258972168,3135,,0
192.168.50.154,56948,51.132.193.104,443,tcp,75.14677453041077,3575,,0
192.168.50.154,56949,23.215.223.150,80,tcp,110.00118732452393,690,,0
192.168.50.154,57092,192.168.50.1,53,udp,0.0,91,,0
192.168.50.154,57222,54.160.88.10,443,tcp,60.229634284973145,9276,,0
192.168.50.154,57234,192.168.50.1,53,udp,0.0,79,,0
192.168.50.154,57283,192.168.50.1,53,udp,0.0,77,,0
192.168.50.154,57294,192.168.50.1,53,udp,0.0,82,,0
192.168.50.154,57394,142.250.188.36,443,udp,0.051680803298950195,2971,,0
192.168.50.154,57395,239.255.255.250,1900,udp,3.039973020553589,848,,0
192.168.50.154,57396,239.255.255.250,1900,udp,3.022749185562134,848,,0
192.168.50.154,57448,142.250.72.202,443,udp,0.10713839530944824,3695,,0
192.168.50.154,57611,192.168.50.1,53,udp,0.0,74,,0
192.168.50.154,57612,44.210.159.29,443,tcp,60.257067918777466,9352,,0
192.168.50.154,57645,216.239.36.223,443,udp,0.07519149780273438,5898,,0
192.168.50.154,57697,140.82.112.26,443,tcp,1140.210702419281,6556,,0
192.168.50.154,57742,192.168.50.1,53,udp,0.0,95,,0
192.168.50.154,57778,192.168.50.1,53,udp,277.077969789505,181,,0
192.168.50.154,57810,104.18.156.37,443,tcp,279.9573564529419,329,,0
192.168.50.154,57813,172.64.151.57,443,tcp,279.92402815818787,329,,0
192.168.50.154,57814,20.252.51.151,443,tcp,0.04274153709411621,108,,0
192.168.50.154,57816,54.92.131.24,443,tcp,34.13278007507324,108,,0
192.168.50.154,57817,3.169.202.80,443,tcp,0.01361227035522461,108,,0
192.168.50.154,57819,199.46.35.124,443,tcp,178.10902857780457,1026,,0
192.168.50.154,57820,20.201.192.67,443,tcp,157.99892401695251,626,,0
192.168.50.154,57863,192.168.50.1,53,udp,0.0,88,,0
192.168.50.154,57887,192.168.50.1,53,udp,0.04095745086669922,180,,0
192.168.50.154,57950,192.168.50.1,53,udp,0.0,79,,0
192.168.50.154,57951,239.255.255.250,1900,udp,3.0399892330169678,848,,0
192.168.50.154,57952,239.255.255.250,1900,udp,3.024010419845581,848,,0
192.168.50.154,57957,34.200.163.181,443,tcp,60.20874381065369,6666,,0
192.168.50.154,57960,142.251.35.142,80,tcp,101.05133318901062,4427,,0
192.168.50.154,57961,34.120.208.123,443,tcp,1.3996267318725586,20562,,0
192.168.50.154,57964,199.232.65.91,443,tcp,1.262666940689087,2113,,0
192.168.50.154,57965,34.160.144.191,443,tcp,1.1058745384216309,1648,,0
192.168.50.154,57966,34.206.19.51,443,tcp,100.3522310256958,4751,,0
192.168.50.154,57967,3.169.202.71,443,tcp,101.53874182701111,1728,,0
192.168.50.154,58074,192.168.50.1,53,udp,0.0,91,,0
192.168.50.154,58128,18.154.101.114,443,tcp,240.01343941688538,384,,0
192.168.50.154,58135,192.168.50.1,53,udp,0.0,95,,0
192.168.50.154,58162,142.250.72.202,443,udp,0.1172342300415039,3697,,0
192.168.50.154,58231,98.85.105.132,443,tcp,29.88992428779602,9306,,0
192.168.50.154,58277,140.82.112.26,443,tcp,2.265554428100586,3620,,0
192.168.50.154,58289,192.168.50.1,53,udp,0.0,79,,0
192.168.50.154,58309,192.168.50.1,53,udp,0.0,88,,0
192.168.50.154,58336,13.107.253.66,443,tcp,90.10746765136719,4795,,0
192.168.50.154,58337,20.42.182.108,443,tcp,87.53073835372925,16822,,0
192.168.50.154,58338,142.250.188.42,443,tcp,0.17650723457336426,3183,,0
192.168.50.154,58339,142.250.188.42,443,tcp,0.17679929733276367,3183,,0
192.168.50.154,58339,192.168.50.1,53,udp,0.0,78,,0
192.168.50.154,58340,13.226.251.47,443,tcp,0.22526049613952637,3051,,0
192.168.50.154,58341,13.226.251.47,443,tcp,0.19690728187561035,2844,,0
192.168.50.154,58342,142.250.188.42,443,tcp,0.16921019554138184,4740,,0
192.168.50.154,58343,13.226.251.47,443,tcp,0.2202303409576416,3105,,0
192.168.50.154,58344,13.226.251.47,443,tcp,0.28169846534729004,3058,,0
192.168.50.154,58345,13.226.251.47,443,tcp,0.22844958305358887,3105,,0
192.168.50.154,58485,216.239.32.223,443,udp,0.07601237297058105,5895,,0
192.168.50.154,58527,216.239.34.223,443,udp,0.08416748046875,5898,,0
192.168.50.154,58535,140.82.112.5,443,tcp,30.490793466567993,4621,,0
192.168.50.154,58536,20.42.182.108,443,tcp,99.90379858016968,9568,,0
192.168.50.154,58537,13.226.251.74,443,tcp,0.23535561561584473,3557,,0
192.168.50.154,58540,104.18.156.37,443,tcp,241.05063891410828,3527,,0
192.168.50.154,58543,172.64.151.57,443,tcp,240.15762901306152,1536,,0
192.168.50.154,58544,13.226.251.74,443,tcp,0.21258044242858887,2499,,0
192.168.50.154,58545,142.251.46.138,443,tcp,0.1833481788635254,5578,,0
192.168.50.154,58546,13.226.251.74,443,tcp,0.2223374843597412,3409,,0
192.168.50.154,58547,13.226.251.74,443,tcp,0.21215415000915527,3463,,0
192.168.50.154,58548,13.226.251.74,443,tcp,0.20023155212402344,2516,,0
192.168.50.154,58549,3.5.155.104,443,tcp,1.1375670433044434,302197,,0
192.168.50.154,58550,13.226.251.74,443,tcp,0.2391357421875,3255,,0
192.168.50.154,58775,216.239.32.223,443,udp,0.08440136909484863,4608,,0
192.168.50.154,58824,192.168.50.1,53,udp,0.0,90,,0
192.168.50.154,58855,23.222.27.19,443,tcp,301.62545585632324,3557,,0
192.168.50.154,58904,192.168.50.1,53,udp,0.0,77,,0
192.168.50.154,58922,216.239.32.223,443,udp,0.07613158226013184,5967,,0
192.168.50.154,58952,142.251.183.188,5228,tcp,2294.8157510757446,3097,,0
192.168.50.154,58967,192.168.50.1,53,udp,0.0,76,,0
192.168.50.154,59030,216.239.36.223,443,udp,0.07621598243713379,5897,,0
192.168.50.154,59033,13.107.253.66,443,tcp,90.11337494850159,4309,,0
192.168.50.154,59167,216.239.34.223,443,udp,0.08401942253112793,5896,,0
192.168.50.154,59221,192.168.50.1,53,udp,0.0,95,,0
192.168.50.154,59236,192.168.50.1,53,udp,0.0,90,,0
192.168.50.154,59279,3.169.202.58,443,tcp,240.07366847991943,3577,,0
192.168.50.154,59329,192.168.50.1,53,udp,0.0,91,,0
192.168.50.154,59348,18.154.101.114,443,tcp,239.99811577796936,384,,0
192.168.50.154,59352,192.168.50.1,53,udp,0.0,82,,0
192.168.50.154,59385,192.168.50.1,53,udp,0.0,81,,0
192.168.50.154,59422,192.168.50.1,53,udp,0.0,74,,0
192.168.50.154,59459,192.168.50.1,53,udp,0.0,77,,0
192.168.50.154,59465,54.208.106.41,443,tcp,60.17435550689697,4204,,0
192.168.50.154,59466,13.226.251.29,443,tcp,0.18885397911071777,2855,,0
192.168.50.154,59467,23.222.27.55,443,tcp,0.10832357406616211,1489,,0
192.168.50.154,59511,142.251.46.142,443,udp,0.12827181816101074,6228,,0
192.168.50.154,59514,192.168.50.1,53,udp,0.0,90,,0
192.168.50.154,59515,239.255.255.250,1900,udp,3.036252498626709,848,,0
192.168.50.154,59516,239.255.255.250,1900,udp,3.0359179973602295,848,,0
192.168.50.154,59535,192.168.50.1,53,udp,0.0,77,,0
192.168.50.154,59541,142.250.188.46,443,udp,0.1113431453704834,6233,,0
192.168.50.154,59550,192.168.50.1,53,udp,0.0,76,,0
192.168.50.154,59560,192.168.50.1,53,udp,9.638429403305054,491,,0
192.168.50.154,59566,140.82.114.25,443,tcp,2.2776718139648438,3400,,0
192.168.50.154,59634,142.250.72.206,443,udp,0.0702979564666748,7368,,0
192.168.50.154,59685,192.168.50.1,53,udp,0.0,90,,0
192.168.50.154,59703,100.50.251.221,443,tcp,60.24614477157593,9211,,0
192.168.50.154,59747,192.168.50.1,53,udp,0.0,90,,0
192.168.50.154,59819,23.15.253.212,443,tcp,500.0774779319763,714,,0
192.168.50.154,59820,199.232.67.52,443,tcp,565.3058574199677,877,,0
192.168.50.154,59821,184.30.89.225,443,tcp,500.0321545600891,714,,0
192.168.50.154,59822,199.232.67.52,443,tcp,520.2775452136993,822,,0
192.168.50.154,59823,199.232.67.52,443,tcp,520.292816400528,822,,0
192.168.50.154,59846,192.168.50.1,53,udp,0.0,90,,0
192.168.50.154,59883,18.238.176.24,443,tcp,240.21894311904907,7536,,0
192.168.50.154,59884,20.189.173.17,443,tcp,0.3506131172180176,4270,,0
192.168.50.154,59885,18.238.136.26,443,tcp,0.20068049430847168,862,,0
192.168.50.154,59886,18.238.136.26,443,tcp,100.1064805984497,889,,0
192.168.50.154,59886,192.168.50.1,53,udp,0.0,82,,0
192.168.50.154,59887,23.222.27.55,443,tcp,0.09964823722839355,1435,,0
192.168.50.154,59888,13.226.251.47,443,tcp,0.20967364311218262,2498,,0
192.168.50.154,59967,192.168.50.1,53,udp,0.0,81,,0
192.168.50.154,59975,192.168.50.1,53,udp,0.0,77,,0
192.168.50.154,59983,192.168.50.1,53,udp,0.0,82,,0
192.168.50.154,59992,192.168.50.1,53,udp,0.0,94,,0
192.168.50.154,59993,216.239.36.223,443,udp,0.11043214797973633,5980,,0
192.168.50.154,59997,192.168.50.1,53,udp,0.0,90,,0
192.168.50.154,60002,192.168.50.1,53,udp,0.0,79,,0
192.168.50.154,60097,192.168.50.1,53,udp,0.0,74,,0
192.168.50.154,60124,192.168.50.1,53,udp,0.0,79,,0
192.168.50.154,60181,192.168.50.1,53,udp,0.0,88,,0
192.168.50.154,60182,192.168.50.1,53,udp,0.0,77,,0
192.168.50.154,60225,192.168.50.1,53,udp,0.0,78,,0
192.168.50.154,60226,239.255.255.250,1900,udp,3.035665988922119,848,,0
192.168.50.154,60227,239.255.255.250,1900,udp,3.0352060794830322,848,,0
192.168.50.154,60251,192.168.50.1,53,udp,0.0,95,,0
192.168.50.154,60299,216.239.38.223,443,udp,0.08264398574829102,4605,,0
192.168.50.154,60300,239.255.255.250,1900,udp,3.04123854637146,848,,0
192.168.50.154,60301,239.255.255.250,1900,udp,3.041433095932007,848,,0
192.168.50.154,60315,13.226.251.5,443,tcp,240.065603017807,3523,,0
192.168.50.154,60316,72.153.5.61,443,tcp,0.4349792003631592,1908,,0
192.168.50.154,60317,13.226.251.47,443,tcp,0.4356505870819092,2498,,0
192.168.50.154,60318,20.190.190.195,443,tcp,0.36129164695739746,9606,,0
192.168.50.154,60319,20.190.190.195,443,tcp,0.35913634300231934,1272,,0
192.168.50.154,60320,20.190.190.195,443,tcp,0.35977792739868164,5571,,0
192.168.50.154,60328,192.168.50.1,53,udp,0.0,77,,0
192.168.50.154,60361,192.168.50.1,53,udp,0.0,77,,0
192.168.50.154,60376,142.251.156.119,443,udp,0.054575204849243164,4264,,0
192.168.50.154,60384,192.168.50.1,53,udp,0.0,95,,0
192.168.50.154,60390,142.251.46.138,443,udp,1464.212571144104,17905,,0
192.168.50.154,60446,192.168.50.1,53,udp,0.0,91,,0
192.168.50.154,60469,192.168.50.1,53,udp,0.0,77,,0
192.168.50.154,60525,192.168.50.1,53,udp,0.0,94,,0
192.168.50.154,60596,23.38.100.175,443,tcp,513.444319486618,5228,,0
192.168.50.154,60645,192.168.50.1,53,udp,0.0,92,,0
192.168.50.154,60646,239.255.255.250,1900,udp,3.024675130844116,848,,0
192.168.50.154,60647,239.255.255.250,1900,udp,3.024745464324951,848,,0
192.168.50.154,60679,23.38.100.175,443,tcp,556.0916872024536,4455,,0
192.168.50.154,60682,140.82.112.4,443,tcp,0.40334630012512207,2020,,0
192.168.50.154,60685,140.82.112.4,443,tcp,0.3346221446990967,2002,,0
192.168.50.154,60705,192.168.50.1,53,udp,0.0,94,,0
192.168.50.154,60758,192.168.50.1,53,udp,0.0,79,,0
192.168.50.154,60796,192.168.50.1,53,udp,0.0,79,,0
192.168.50.154,60804,192.168.0.232,53383,udp,5.001293182373047,500,,0
192.168.50.154,60804,192.168.1.153,3074,udp,0.49971699714660645,100,,0
192.168.50.154,60804,192.168.1.8,65182,udp,4.5042948722839355,450,,0
192.168.50.154,60804,20.153.146.68,30465,udp,446.0428626537323,1618507,,0
192.168.50.154,60804,20.33.73.116,30828,udp,638.4703183174133,11462,,0
192.168.50.154,60804,200.76.144.138,27680,udp,5.0037314891815186,550,,0
192.168.50.154,60804,209.35.91.110,16956,udp,15.977430582046509,42003,,0
192.168.50.154,60804,26.192.51.101,53383,udp,5.001272439956665,550,,0
192.168.50.154,60804,46.135.100.161,3725,udp,5.001075029373169,550,,0
192.168.50.154,60809,3.169.202.74,443,tcp,220.18615317344666,3598,,0
192.168.50.154,60810,72.153.5.129,443,tcp,0.5644614696502686,2150,,0
192.168.50.154,60811,72.153.5.61,443,tcp,118.34986305236816,2075,,0
192.168.50.154,60812,13.226.251.89,443,tcp,0.19871306419372559,2552,,0
192.168.50.154,60813,13.226.251.89,443,tcp,0.20108246803283691,2553,,0
192.168.50.154,60814,142.250.188.42,443,tcp,0.19157695770263672,6194,,0
192.168.50.154,60815,13.226.251.89,443,tcp,0.2069694995880127,3157,,0
192.168.50.154,60816,13.226.251.89,443,tcp,0.22831392288208008,2448,,0
192.168.50.154,60816,150.171.109.225,443,tcp,90.09516286849976,4841,,0
192.168.50.154,60817,13.226.251.89,443,tcp,0.19719600677490234,2448,,0
192.168.50.154,60817,20.49.150.241,443,tcp,0.8809385299682617,1832,,0
192.168.50.154,60818,13.226.251.89,443,tcp,0.2072288990020752,2462,,0
192.168.50.154,60818,20.49.150.241,443,tcp,0.9139180183410645,1947,,0
192.168.50.154,60819,3.5.157.39,443,tcp,1.1107568740844727,302253,,0
192.168.50.154,60820,142.250.188.42,443,tcp,0.18997955322265625,3117,,0
192.168.50.154,60821,20.42.182.108,443,tcp,87.69929528236389,7448,,0
192.168.50.154,60822,142.250.188.42,443,tcp,0.39081907272338867,3179,,0
192.168.50.154,60828,192.168.50.1,53,udp,0.0,78,,0
192.168.50.154,60829,239.255.255.250,1900,udp,3.026073932647705,848,,0
192.168.50.154,60830,239.255.255.250,1900,udp,3.0251307487487793,848,,0
192.168.50.154,60857,192.168.50.1,53,udp,0.0,94,,0
192.168.50.154,60924,142.250.72.206,443,udp,0.09821534156799316,7374,,0
192.168.50.154,60925,239.255.255.250,1900,udp,3.012352228164673,848,,0
192.168.50.154,60926,239.255.255.250,1900,udp,3.0257833003997803,848,,0
192.168.50.154,60929,192.168.50.1,53,udp,0.0,90,,0
192.168.50.154,60930,239.255.255.250,1900,udp,3.0328564643859863,848,,0
192.168.50.154,60931,239.255.255.250,1900,udp,3.0329034328460693,848,,0
192.168.50.154,60972,44.250.91.74,443,tcp,10.11948299407959,4171,,0
192.168.50.154,60973,23.222.27.67,443,tcp,0.10260009765625,1543,,0
192.168.50.154,60982,142.251.46.142,443,udp,0.10600924491882324,7773,,0
192.168.50.154,61031,192.168.50.1,53,udp,0.0,74,,0
192.168.50.154,61134,192.168.50.1,53,udp,0.0,80,,0
192.168.50.154,61137,192.168.50.1,53,udp,0.0,74,,0
192.168.50.154,61148,18.238.136.88,443,udp,0.24970436096191406,6147,,0
192.168.50.154,61174,192.168.50.1,53,udp,0.0,95,,0
192.168.50.154,61227,192.168.50.1,53,udp,0.0,77,,0
192.168.50.154,61244,192.168.50.1,53,udp,0.0,78,,0
192.168.50.154,61245,239.255.255.250,1900,udp,3.02517032623291,848,,0
192.168.50.154,61246,239.255.255.250,1900,udp,3.025071382522583,848,,0
192.168.50.154,61296,216.239.36.223,443,udp,0.09705495834350586,5899,,0
192.168.50.154,61315,192.168.50.1,53,udp,0.0,74,,0
192.168.50.154,61319,192.168.50.1,53,udp,0.0,76,,0
192.168.50.154,61340,192.168.50.1,53,udp,0.0,91,,0
192.168.50.154,61429,192.168.50.1,53,udp,0.0,91,,0
192.168.50.154,61449,140.82.113.26,443,tcp,1156.9848639965057,2898,,0
192.168.50.154,61461,192.168.50.1,53,udp,0.0,77,,0
192.168.50.154,61568,192.168.50.1,53,udp,0.0,78,,0
192.168.50.154,61573,44.221.155.170,443,tcp,60.222405672073364,10945,,0
192.168.50.154,61574,20.189.173.26,443,tcp,110.04838275909424,2207,,0
192.168.50.154,61575,13.89.179.13,443,tcp,109.80494356155396,2215,,0
192.168.50.154,61576,52.123.249.58,443,tcp,75.0451819896698,1408,,0
192.168.50.154,61577,72.153.5.133,443,tcp,0.4275691509246826,2087,,0
192.168.50.154,61578,20.190.190.131,443,tcp,0.3274991512298584,5675,,0
192.168.50.154,61579,48.192.143.121,443,tcp,1.1595919132232666,32443,,0
192.168.50.154,61580,23.222.27.67,443,tcp,0.1055750846862793,1435,,0
192.168.50.154,61581,20.50.201.206,443,tcp,0.8720741271972656,4012,,0
192.168.50.154,61582,72.153.5.138,443,tcp,0.4470536708831787,2092,,0
192.168.50.154,61583,72.153.5.61,443,tcp,82.07167220115662,2071,,0
192.168.50.154,61584,20.189.173.26,443,tcp,14.83482575416565,17033,,0
192.168.50.154,61606,52.207.8.92,443,tcp,60.187586307525635,9298,,0
192.168.50.154,61611,142.250.72.206,443,udp,0.13823866844177246,6162,,0
192.168.50.154,61623,192.168.50.1,53,udp,0.0,95,,0
192.168.50.154,61624,192.168.50.1,53,udp,0.0,78,,0
192.168.50.154,61656,192.168.50.1,53,udp,0.0,74,,0
192.168.50.154,61863,192.168.50.1,53,udp,0.0,77,,0
192.168.50.154,61876,192.168.50.1,53,udp,0.0,74,,0
192.168.50.154,61949,192.168.50.1,53,udp,0.0,95,,0
192.168.50.154,61958,192.168.50.1,53,udp,0.0,77,,0
192.168.50.154,61970,192.168.50.1,53,udp,0.0,77,,0
192.168.50.154,61975,52.123.249.9,443,tcp,135.1486554145813,3984,,0
192.168.50.154,61976,18.238.136.87,443,tcp,0.1156167984008789,862,,0
192.168.50.154,61977,18.238.136.87,443,tcp,100.10507678985596,889,,0
192.168.50.154,61978,18.154.101.114,443,tcp,0.08419942855834961,1129,,0
192.168.50.154,61990,192.168.50.1,53,udp,0.0,88,,0
192.168.50.154,61995,192.168.50.1,53,udp,127.62872529029846,633,,0
192.168.50.154,62009,192.168.50.1,53,udp,0.0,90,,0
192.168.50.154,62020,13.226.251.95,443,tcp,149.89360356330872,328,,0
192.168.50.154,62021,20.109.167.1,443,tcp,0.0387423038482666,108,,0
192.168.50.154,62047,23.15.253.212,443,tcp,500.01909041404724,714,,0
192.168.50.154,62060,192.168.50.1,53,udp,0.0,88,,0
192.168.50.154,62090,20.42.182.108,443,tcp,0.04373359680175781,108,,0
192.168.50.154,62099,3.169.202.90,443,tcp,0.13756275177001953,934,,0
192.168.50.154,62100,3.169.202.90,443,tcp,0.1277940273284912,927,,0
192.168.50.154,62101,13.226.251.74,443,tcp,0.23200583457946777,2579,,0
192.168.50.154,62102,13.226.251.74,443,tcp,0.19459962844848633,2462,,0
192.168.50.154,62103,142.251.35.138,443,tcp,0.15332722663879395,3822,,0
192.168.50.154,62104,52.219.172.42,443,tcp,1.1386265754699707,302595,,0
192.168.50.154,62105,13.226.251.74,443,tcp,0.20545625686645508,2437,,0
192.168.50.154,62106,13.226.251.74,443,tcp,0.434126615524292,2515,,0
192.168.50.154,62107,18.160.143.6,443,tcp,2340.609263420105,41614,,0
192.168.50.154,62108,13.226.251.74,443,tcp,0.2054135799407959,2508,,0
192.168.50.154,62109,13.226.251.74,443,tcp,0.20871663093566895,2505,,0
192.168.50.154,62110,13.226.251.74,443,tcp,0.21601176261901855,2514,,0
192.168.50.154,62111,13.226.251.74,443,tcp,0.19408917427062988,2437,,0
192.168.50.154,62112,13.226.251.74,443,tcp,0.20667576789855957,2498,,0
192.168.50.154,62113,13.226.251.74,443,tcp,0.20932769775390625,2455,,0
192.168.50.154,62114,13.226.251.74,443,tcp,0.19807171821594238,2444,,0
192.168.50.154,62115,13.226.251.74,443,tcp,0.229811429977417,2448,,0
192.168.50.154,62116,142.251.35.138,443,tcp,0.4209587574005127,3820,,0
192.168.50.154,62117,13.226.251.74,443,tcp,0.20311594009399414,2441,,0
192.168.50.154,62118,142.251.35.138,443,tcp,0.376863956451416,3770,,0
192.168.50.154,62119,13.226.251.74,443,tcp,0.19403553009033203,2437,,0
192.168.50.154,62120,142.251.35.138,443,tcp,0.1708388328552246,3159,,0
192.168.50.154,62121,192.168.50.1,53,udp,0.0,95,,0
192.168.50.154,62121,75.101.198.66,7750,tcp,2340.899999856949,2143751,,0
192.168.50.154,62122,142.251.35.138,443,tcp,0.20755505561828613,3275,,0
192.168.50.154,62123,142.251.35.138,443,tcp,0.40525364875793457,3159,,0
192.168.50.154,62124,192.168.50.1,53,udp,0.0,74,,0
192.168.50.154,62189,192.168.50.1,53,udp,0.0,79,,0
192.168.50.154,62207,192.168.50.1,53,udp,0.0,77,,0
192.168.50.154,62293,150.171.109.227,443,tcp,90.1383421421051,5173,,0
192.168.50.154,62344,192.168.50.1,53,udp,0.0,70,,0
192.168.50.154,62404,74.125.132.84,443,udp,0.25519895553588867,7907,,0
192.168.50.154,62506,142.250.72.202,443,udp,0.24062609672546387,5521,,0
192.168.50.154,62510,192.168.50.1,53,udp,0.0,92,,0
192.168.50.154,62548,192.168.50.1,53,udp,134.61417412757874,351,,0
192.168.50.154,62580,192.168.50.1,53,udp,0.0,94,,0
192.168.50.154,62589,192.168.50.1,53,udp,0.0,88,,0
192.168.50.154,62676,140.82.113.6,443,tcp,31.266565799713135,3775,,0
192.168.50.154,62757,192.168.50.1,53,udp,0.0,95,,0
192.168.50.154,62773,192.168.50.1,53,udp,0.0,80,,0
192.168.50.154,62791,192.168.50.1,53,udp,0.0,77,,0
192.168.50.154,62881,192.168.50.1,53,udp,0.0,79,,0
192.168.50.154,62884,192.168.50.1,53,udp,0.0,70,,0
192.168.50.154,62919,192.168.50.1,53,udp,0.0,77,,0
192.168.50.154,63031,192.168.50.1,53,udp,0.0,91,,0
192.168.50.154,63055,192.168.50.1,53,udp,0.0,87,,0
192.168.50.154,63064,192.168.50.1,53,udp,0.0,92,,0
192.168.50.154,63074,192.168.50.1,53,udp,0.0,95,,0
192.168.50.154,63087,192.168.50.1,53,udp,0.0,91,,0
192.168.50.154,63096,18.154.101.114,443,tcp,239.97565698623657,384,,0
192.168.50.154,63108,192.168.50.1,53,udp,0.0,95,,0
192.168.50.154,63113,18.238.176.91,443,tcp,239.9970760345459,384,,0
192.168.50.154,63158,100.23.228.58,443,tcp,10.142519474029541,4053,,0
192.168.50.154,63159,23.222.27.55,443,tcp,0.5631060600280762,2287,,0
192.168.50.154,63270,13.226.251.118,443,tcp,45.175514459609985,4743,,0
192.168.50.154,63271,18.238.136.87,443,tcp,0.09888577461242676,803,,0
192.168.50.154,63272,20.189.173.28,443,tcp,0.8802831172943115,9083,,0
192.168.50.154,63273,52.168.117.169,443,tcp,0.5780293941497803,16466,,0
192.168.50.154,63274,13.226.251.37,443,tcp,0.13518381118774414,1842,,0
192.168.50.154,63338,100.22.103.209,443,tcp,10.119558095932007,4053,,0
192.168.50.154,63384,192.168.50.1,53,udp,0.0,88,,0
192.168.50.154,63404,192.168.50.1,53,udp,0.0,95,,0
192.168.50.154,63448,142.251.35.138,443,udp,0.09143233299255371,7230,,0
192.168.50.154,63467,192.168.50.1,53,udp,0.0,95,,0
192.168.50.154,63568,192.168.50.1,53,udp,0.0,95,,0
192.168.50.154,63582,142.250.72.202,443,udp,880.3665635585785,21755,,0
192.168.50.154,63594,150.171.109.226,443,tcp,90.39953064918518,4957,,0
192.168.50.154,63659,54.174.203.15,443,tcp,60.213894844055176,5520,,0
192.168.50.154,63700,54.160.88.10,443,tcp,60.23520302772522,9276,,0
192.168.50.154,63761,192.168.50.1,53,udp,0.0,78,,0
192.168.50.154,63817,140.82.114.6,443,tcp,30.332578420639038,3217,,0
192.168.50.154,63818,18.238.136.26,443,tcp,100.09883904457092,911,,0
192.168.50.154,63819,13.226.251.89,443,tcp,0.23798179626464844,3058,,0
192.168.50.154,63820,13.226.251.89,443,tcp,0.23506426811218262,3103,,0
192.168.50.154,63821,20.42.182.108,443,tcp,165.1865575313568,4379,,0
192.168.50.154,63893,142.250.72.206,443,udp,0.06802225112915039,6084,,0
192.168.50.154,63941,239.255.255.250,1900,udp,3.033627986907959,848,,0
192.168.50.154,63942,239.255.255.250,1900,udp,3.0344035625457764,848,,0
192.168.50.154,63985,142.250.72.202,443,udp,0.10067892074584961,4988,,0
192.168.50.154,63991,173.194.206.84,443,udp,0.2091197967529297,7678,,0
192.168.50.154,64039,13.107.5.93,443,tcp,90.24941802024841,5725,,0
192.168.50.154,64055,192.168.50.1,53,udp,0.0,78,,0
192.168.50.154,64107,54.210.30.73,443,tcp,60.19071173667908,5257,,0
192.168.50.154,64108,72.153.5.134,443,tcp,0.4428861141204834,2027,,0
192.168.50.154,64109,72.153.5.141,443,tcp,103.34758758544922,2070,,0
192.168.50.154,64110,3.169.202.98,443,tcp,0.14631986618041992,934,,0
192.168.50.154,64111,3.169.202.98,443,tcp,0.13950538635253906,927,,0
192.168.50.154,64112,72.153.5.141,443,tcp,0.4476916790008545,2049,,0
192.168.50.154,64113,23.222.27.67,443,tcp,0.09779214859008789,1543,,0
192.168.50.154,64114,142.250.72.206,80,tcp,100.1175320148468,1656,,0
192.168.50.154,64115,3.169.202.71,443,tcp,101.07865309715271,1728,,0
192.168.50.154,64116,54.92.131.24,443,tcp,100.37530875205994,3311,,0
192.168.50.154,64117,142.250.72.195,443,tcp,11.733519315719604,3476,,0
192.168.50.154,64134,142.250.188.46,443,udp,0.13676857948303223,7603,,0
192.168.50.154,64146,192.168.50.1,53,udp,0.0,91,,0
192.168.50.154,64179,192.168.50.1,53,udp,2.4824793338775635,300,,0
192.168.50.154,64217,192.168.50.1,53,udp,0.0,79,,0
192.168.50.154,64230,150.171.109.227,443,tcp,90.13907980918884,4348,,0
192.168.50.154,64231,13.107.5.93,443,tcp,4.583240032196045,3382,,0
192.168.50.154,64232,20.189.173.26,443,tcp,91.27794671058655,3329,,0
192.168.50.154,64233,142.250.72.202,443,tcp,0.1557168960571289,3207,,0
192.168.50.154,64234,13.226.251.89,443,tcp,0.1968083381652832,2462,,0
192.168.50.154,64235,3.5.157.118,443,tcp,1.3125109672546387,302325,,0
192.168.50.154,64283,192.168.50.1,53,udp,0.0,80,,0
192.168.50.154,64321,192.168.50.1,53,udp,0.0,74,,0
192.168.50.154,64388,216.239.36.223,443,udp,0.07895469665527344,4606,,0
192.168.50.154,64389,239.255.255.250,1900,udp,3.0301835536956787,848,,0
192.168.50.154,64390,239.255.255.250,1900,udp,3.0286295413970947,848,,0
192.168.50.154,64477,192.168.50.1,53,udp,117.3459255695343,691,,0
192.168.50.154,64522,142.251.46.142,443,udp,0.10948944091796875,6083,,0
192.168.50.154,64561,192.168.50.1,53,udp,0.0,90,,0
192.168.50.154,64576,192.168.50.1,53,udp,0.0,80,,0
192.168.50.154,64584,54.174.203.15,443,tcp,60.216148853302,5227,,0
192.168.50.154,64602,142.250.188.46,443,udp,0.08406281471252441,6078,,0
192.168.50.154,64621,192.168.50.1,53,udp,0.0,80,,0
192.168.50.154,64661,192.168.50.1,53,udp,0.0,92,,0
192.168.50.154,64673,192.168.50.1,53,udp,0.0,78,,0
192.168.50.154,64721,192.168.50.1,53,udp,0.0,77,,0
192.168.50.154,64785,192.168.50.1,53,udp,0.0,95,,0
192.168.50.154,64816,142.251.35.132,443,udp,0.05530834197998047,4264,,0
192.168.50.154,64838,192.168.50.1,53,udp,0.0,88,,0
192.168.50.154,64954,192.168.50.1,53,udp,0.0,95,,0
192.168.50.154,65016,192.168.50.1,53,udp,0.0,76,,0
192.168.50.154,65307,142.251.35.138,443,udp,0.09695172309875488,3698,,0
192.168.50.154,65391,142.251.35.138,443,udp,0.10550761222839355,4928,,0
192.168.50.154,65428,192.168.50.1,53,udp,0.0,91,,0
192.168.50.154,65465,192.168.50.1,53,udp,0.0,79,,0
192.168.50.154,65472,192.168.50.1,53,udp,0.0,91,,0
192.168.50.154,65473,216.239.32.223,443,udp,0.08500337600708008,5896,,0
192.168.50.154,65478,192.168.50.1,53,udp,720.52330327034,172,,0
199.232.65.91,443,192.168.50.154,57964,tcp,1.247344732284546,9719,,0
199.232.66.172,80,192.168.50.154,55700,tcp,60.12569522857666,742,,0
199.232.67.52,443,192.168.50.154,50061,tcp,610.3840968608856,3730,,0
199.232.67.52,443,192.168.50.154,59820,tcp,565.3039662837982,1149,,0
199.232.67.52,443,192.168.50.154,59822,tcp,520.2764105796814,1083,,0
199.232.67.52,443,192.168.50.154,59823,tcp,520.2777478694916,1083,,0
199.46.35.124,443,192.168.50.154,57819,tcp,170.06502175331116,1404,,0
20.109.167.1,443,192.168.50.154,62021,tcp,0.0,54,,0
20.153.146.68,30465,192.168.50.154,60804,udp,445.5125756263733,1221001,,0
20.189.173.17,443,192.168.50.154,59884,tcp,0.3067336082458496,5350,,0
20.189.173.26,443,192.168.50.154,61574,tcp,110.00754952430725,7465,,0
20.189.173.26,443,192.168.50.154,61584,tcp,14.836880922317505,8852,,0
20.189.173.26,443,192.168.50.154,64232,tcp,91.23353862762451,7465,,0
20.189.173.28,443,192.168.50.154,63272,tcp,0.8393063545227051,5634,,0
20.190.190.131,443,192.168.50.154,52765,tcp,0.183638334274292,5013,,0
20.190.190.131,443,192.168.50.154,52766,tcp,0.17483997344970703,7044,,0
20.190.190.131,443,192.168.50.154,52767,tcp,0.33927321434020996,11729,,0
20.190.190.131,443,192.168.50.154,61578,tcp,0.23031377792358398,6814,,0
20.190.190.194,443,192.168.50.154,49873,tcp,0.4826180934906006,10432,,0
20.190.190.194,443,192.168.50.154,49874,tcp,0.32717180252075195,6959,,0
20.190.190.195,443,192.168.50.154,60318,tcp,0.2748067378997803,10781,,0
20.190.190.195,443,192.168.50.154,60319,tcp,0.23609280586242676,7152,,0
20.190.190.195,443,192.168.50.154,60320,tcp,0.22264528274536133,6891,,0
20.201.192.67,443,192.168.50.154,57820,tcp,149.93873262405396,1065,,0
20.252.51.151,443,192.168.50.154,57814,tcp,0.0003228187561035156,132,,0
20.33.73.116,30828,192.168.50.154,60804,udp,637.604353427887,15022,,0
20.42.182.108,443,192.168.50.154,50688,tcp,85.12499165534973,1466,,0
20.42.182.108,443,192.168.50.154,52770,tcp,115.17042016983032,9195,,0
20.42.182.108,443,192.168.50.154,53279,tcp,0.2821054458618164,10659,,0
20.42.182.108,443,192.168.50.154,53280,tcp,71.77003526687622,13673,,0
20.42.182.108,443,192.168.50.154,55176,tcp,65.15047311782837,9303,,0
20.42.182.108,443,192.168.50.154,55289,tcp,129.58239722251892,10179,,0
20.42.182.108,443,192.168.50.154,58337,tcp,87.49502611160278,12810,,0
20.42.182.108,443,192.168.50.154,58536,tcp,99.86197447776794,11109,,0
20.42.182.108,443,192.168.50.154,60821,tcp,87.65537786483765,10191,,0
20.42.182.108,443,192.168.50.154,62090,tcp,0.00023937225341796875,139,,0
20.42.182.108,443,192.168.50.154,63821,tcp,165.14479637145996,9195,,0
20.42.65.93,443,192.168.50.154,52574,tcp,78.59433579444885,186,,0
20.49.150.241,443,192.168.50.154,60817,tcp,0.745049238204956,4832,,0
20.49.150.241,443,192.168.50.154,60818,tcp,0.7493281364440918,4888,,0
20.50.201.201,443,192.168.50.154,52768,tcp,0.35614752769470215,7466,,0
20.50.201.206,443,192.168.50.154,61581,tcp,0.7414412498474121,5488,,0
20.59.87.225,443,192.168.50.154,49704,tcp,2249.6264703273773,1044,,0
20.72.205.209,443,192.168.50.154,52877,tcp,0.2755899429321289,5023,,0
200.76.144.138,0,192.168.50.154,0,udp,5.0112364292144775,858,,0
204.79.197.200,0,192.168.50.154,0,udp,0.0,106,,0
209.35.91.110,16956,192.168.50.154,60804,udp,15.958398580551147,26268,,0
216.239.32.223,443,192.168.50.154,58485,udp,0.09581661224365234,6281,,0
216.239.32.223,443,192.168.50.154,58775,udp,0.09794998168945312,4885,,0
216.239.32.223,443,192.168.50.154,58922,udp,0.0968179702758789,6154,,0
216.239.32.223,443,192.168.50.154,65473,udp,0.09581589698791504,6060,,0
216.239.34.223,443,192.168.50.154,54243,udp,0.10210323333740234,4737,,0
216.239.34.223,443,192.168.50.154,54597,udp,0.09559297561645508,4667,,0
216.239.34.223,443,192.168.50.154,58527,udp,0.10102057456970215,6245,,0
216.239.34.223,443,192.168.50.154,59167,udp,0.09596562385559082,6116,,0
216.239.36.223,443,192.168.50.154,57645,udp,0.0918576717376709,6091,,0
216.239.36.223,443,192.168.50.154,59030,udp,0.10073471069335938,6164,,0
216.239.36.223,443,192.168.50.154,59993,udp,0.08932232856750488,6211,,0
216.239.36.223,443,192.168.50.154,61296,udp,0.10910725593566895,6112,,0
216.239.36.223,443,192.168.50.154,64388,udp,0.09220480918884277,4855,,0
216.239.38.223,443,192.168.50.154,56140,udp,0.09190201759338379,4885,,0
216.239.38.223,443,192.168.50.154,60299,udp,0.09496521949768066,4837,,0
23.15.253.120,80,192.168.50.154,55697,tcp,60.38238835334778,491,,0
23.15.253.120,80,192.168.50.154,55698,tcp,60.2811803817749,491,,0
23.15.253.212,443,192.168.50.154,59819,tcp,500.08160519599915,900,,0
23.15.253.212,443,192.168.50.154,62047,tcp,500.02019143104553,900,,0
23.15.253.251,443,192.168.50.154,52769,tcp,0.12485313415527344,23569,,0
23.215.223.150,80,192.168.50.154,56949,tcp,109.98430037498474,562,,0
23.222.27.19,443,192.168.50.154,58855,tcp,301.6121995449066,1926,,0
23.222.27.55,443,192.168.50.154,50669,tcp,0.07955121994018555,7036,,0
23.222.27.55,443,192.168.50.154,53050,tcp,0.06826257705688477,7143,,0
23.222.27.55,443,192.168.50.154,59467,tcp,0.08468914031982422,6969,,0
23.222.27.55,443,192.168.50.154,59887,tcp,0.08910274505615234,6982,,0
23.222.27.55,443,192.168.50.154,63159,tcp,0.5476477146148682,6915,,0
23.222.27.67,443,192.168.50.154,60973,tcp,0.08498835563659668,7145,,0
23.222.27.67,443,192.168.50.154,61580,tcp,0.08064484596252441,7145,,0
23.222.27.67,443,192.168.50.154,64113,tcp,0.08199667930603027,6969,,0
23.38.100.175,443,192.168.50.154,50601,tcp,300.16508316993713,1927,,0
23.38.100.175,443,192.168.50.154,54179,tcp,343.95779943466187,1993,,0
23.38.100.175,443,192.168.50.154,60596,tcp,513.4423673152924,2377,,0
23.38.100.175,443,192.168.50.154,60679,tcp,556.0856671333313,34865,,0
23.45.123.16,80,192.168.50.154,55699,tcp,60.18961572647095,491,,0
3.169.202.104,443,192.168.50.154,53340,tcp,0.07178854942321777,2498,,0
3.169.202.58,443,192.168.50.154,59279,tcp,240.08053708076477,3152,,0
3.169.202.71,443,192.168.50.154,52859,tcp,100.0724024772644,1096,,0
3.169.202.71,443,192.168.50.154,57967,tcp,101.52376556396484,1655,,0
3.169.202.71,443,192.168.50.154,64115,tcp,101.06179809570312,1655,,0
3.169.202.74,443,192.168.50.154,60809,tcp,220.17078351974487,7581,,0
3.169.202.75,443,192.168.50.154,54067,tcp,149.92221236228943,465,,0
3.169.202.80,443,192.168.50.154,57817,tcp,0.0,54,,0
3.169.202.90,443,192.168.50.154,62099,tcp,0.10182738304138184,4139,,0
3.169.202.90,443,192.168.50.154,62100,tcp,0.06416583061218262,4258,,0
3.169.202.98,443,192.168.50.154,64110,tcp,0.10797953605651855,4140,,0
3.169.202.98,443,192.168.50.154,64111,tcp,0.07011628150939941,4257,,0
3.210.243.234,443,192.168.50.154,51848,tcp,60.17958307266235,7993,,0
3.210.243.234,443,192.168.50.154,56783,tcp,60.22489547729492,8047,,0
3.211.14.252,443,192.168.50.154,53830,tcp,29.663992404937744,7781,,0
3.5.155.104,443,192.168.50.154,58549,tcp,1.1351454257965088,14221,,0
3.5.157.118,443,192.168.50.154,64235,tcp,1.3126075267791748,13597,,0
3.5.157.39,443,192.168.50.154,60819,tcp,1.1089162826538086,12097,,0
34.120.208.123,443,192.168.50.154,57961,tcp,1.3702282905578613,7211,,0
34.160.144.191,443,192.168.50.154,57965,tcp,1.0873241424560547,10371,,0
34.200.162.68,443,192.168.50.154,51749,tcp,60.197810649871826,5999,,0
34.200.163.181,443,192.168.50.154,57957,tcp,60.19985866546631,6065,,0
34.206.19.51,443,192.168.50.154,57966,tcp,65.95812225341797,6064,,0
34.217.157.148,443,192.168.50.154,50663,tcp,10.681512355804443,5795,,0
35.168.247.193,443,192.168.50.154,52253,tcp,29.463374614715576,9752,,0
44.210.159.29,443,192.168.50.154,57612,tcp,60.25585103034973,8047,,0
44.221.155.170,443,192.168.50.154,61573,tcp,60.22221922874451,6053,,0
44.250.91.74,443,192.168.50.154,60972,tcp,10.127454280853271,4834,,0
48.192.143.121,443,192.168.50.154,61579,tcp,1.1199476718902588,6625,,0
51.132.193.104,443,192.168.50.154,56948,tcp,75.00827932357788,5599,,0
52.123.128.14,443,192.168.50.154,52858,tcp,65.13479542732239,10242,,0
52.123.128.14,443,192.168.50.154,53282,tcp,67.73921871185303,1551,,0
52.123.249.58,443,192.168.50.154,61576,tcp,75.0281810760498,5549,,0
52.123.249.9,443,192.168.50.154,54225,udp,0.484088659286499,13994,,0
52.123.249.9,443,192.168.50.154,61975,tcp,135.14093732833862,5286,,0
52.168.117.169,443,192.168.50.154,63273,tcp,0.5066471099853516,5957,,0
52.207.8.92,443,192.168.50.154,61606,tcp,60.19357490539551,8101,,0
52.219.172.42,443,192.168.50.154,62104,tcp,1.136552095413208,15491,,0
52.4.117.45,443,192.168.50.154,56703,tcp,0.0010366439819335938,252,,0
54.160.88.10,443,192.168.50.154,57222,tcp,60.22960901260376,8059,,0
54.160.88.10,443,192.168.50.154,63700,tcp,60.231637954711914,8069,,0
54.174.168.43,443,192.168.50.154,55693,tcp,60.17980337142944,5877,,0
54.174.203.15,443,192.168.50.154,63659,tcp,60.20098066329956,6065,,0
54.174.203.15,443,192.168.50.154,64584,tcp,60.21807670593262,6183,,0
54.204.105.229,443,192.168.50.154,52874,tcp,29.356123685836792,6079,,0
54.204.105.229,443,192.168.50.154,53706,tcp,60.17698001861572,5823,,0
54.208.106.41,443,192.168.50.154,59465,tcp,60.16728758811951,5877,,0
54.210.30.73,443,192.168.50.154,64107,tcp,60.196608781814575,6053,,0
54.211.42.217,443,192.168.50.154,50686,tcp,60.17794728279114,5931,,0
54.92.131.24,443,192.168.50.154,57816,tcp,0.0,54,,0
54.92.131.24,443,192.168.50.154,64116,tcp,65.57485580444336,6010,,0
67.202.28.94,443,192.168.50.154,49872,tcp,60.17346143722534,5931,,0
72.153.5.129,443,192.168.50.154,60810,tcp,0.4993627071380615,5160,,0
72.153.5.133,443,192.168.50.154,51273,tcp,109.96238541603088,3678,,0
72.153.5.133,443,192.168.50.154,61577,tcp,0.3643221855163574,3604,,0
72.153.5.134,443,192.168.50.154,51272,tcp,0.37889599800109863,3646,,0
72.153.5.134,443,192.168.50.154,51276,tcp,110.00466299057007,3665,,0
72.153.5.134,443,192.168.50.154,64108,tcp,0.37192869186401367,3551,,0
72.153.5.138,443,192.168.50.154,51274,tcp,110.00371384620667,3612,,0
72.153.5.138,443,192.168.50.154,61582,tcp,0.37715601921081543,3647,,0
72.153.5.141,443,192.168.50.154,64109,tcp,103.28257489204407,3612,,0
72.153.5.141,443,192.168.50.154,64112,tcp,0.37901830673217773,3647,,0
72.153.5.61,443,192.168.50.154,60316,tcp,127.36795926094055,3679,,0
72.153.5.61,443,192.168.50.154,60811,tcp,118.28732419013977,3612,,0
72.153.5.61,443,192.168.50.154,61583,tcp,82.00431561470032,3612,,0
72.153.5.63,443,192.168.50.154,51275,tcp,1.5458219051361084,4254,,0
74.125.132.84,443,192.168.50.154,62404,udp,0.23402070999145508,8155,,0
75.101.198.66,7750,192.168.50.154,62121,tcp,2340.785154104233,3479756,,0
96.110.33.134,0,192.168.50.154,0,udp,0.0,110,,0
96.110.43.249,0,192.168.50.154,0,udp,0.0,110,,0
96.216.147.13,0,192.168.50.154,0,udp,0.0,110,,0
96.217.60.249,0,192.168.50.154,0,udp,0.0,134,,0
98.85.105.132,443,192.168.50.154,58231,tcp,29.832459211349487,8182,,0
